file,line,detail
dispatch.c,130,send,task_id,1,core,0,slot,0,type,1
dispatch.c,62,completed,task_id,1,core,0,bitmap,1
dispatch.c,130,send,task_id,5,core,0,slot,0,type,0
dispatch.c,62,completed,task_id,5,core,0,bitmap,1
dispatch.c,130,send,task_id,6,core,0,slot,0,type,0
dispatch.c,62,completed,task_id,6,core,0,bitmap,1
dispatch.c,130,send,task_id,2,core,0,slot,0,type,0
dispatch.c,130,send,task_id,7,core,1,slot,0,type,0
dispatch.c,62,completed,task_id,2,core,0,bitmap,3
dispatch.c,62,completed,task_id,7,core,1,bitmap,2
dispatch.c,130,send,task_id,3,core,0,slot,0,type,0
dispatch.c,62,completed,task_id,3,core,0,bitmap,1
dispatch.c,130,send,task_id,4,core,0,slot,0,type,0
dispatch.c,62,completed,task_id,4,core,0,bitmap,1
dispatch.c,130,send,task_id,8,core,0,slot,0,type,0
dispatch.c,62,completed,task_id,8,core,0,bitmap,1
dispatch.c,130,send,task_id,9,core,0,slot,0,type,0
dispatch.c,62,completed,task_id,9,core,0,bitmap,1
dispatch.c,130,send,task_id,10,core,0,slot,0,type,0
dispatch.c,62,completed,task_id,10,core,0,bitmap,1
dispatch.c,130,send,task_id,11,core,0,slot,0,type,1
dispatch.c,62,completed,task_id,11,core,0,bitmap,1
dispatch.c,130,send,task_id,12,core,0,slot,0,type,1
dispatch.c,62,completed,task_id,12,core,0,bitmap,1
dispatch.c,130,send,task_id,13,core,0,slot,0,type,0
dispatch.c,62,completed,task_id,13,core,0,bitmap,1
dispatch.c,130,send,task_id,14,core,0,slot,0,type,0
dispatch.c,62,completed,task_id,14,core,0,bitmap,1
dispatch.c,130,send,task_id,15,core,0,slot,0,type,0
dispatch.c,62,completed,task_id,15,core,0,bitmap,1
dispatch.c,130,send,task_id,16,core,0,slot,0,type,0
dispatch.c,62,completed,task_id,16,core,0,bitmap,1
dispatch.c,130,send,task_id,17,core,0,slot,0,type,0
dispatch.c,62,completed,task_id,17,core,0,bitmap,1
dispatch.c,130,send,task_id,18,core,0,slot,0,type,0
dispatch.c,62,completed,task_id,18,core,0,bitmap,1
dispatch.c,130,send,task_id,19,core,0,slot,0,type,0
dispatch.c,62,completed,task_id,19,core,0,bitmap,1
dispatch.c,130,send,task_id,20,core,0,slot,0,type,0
dispatch.c,130,send,task_id,21,core,1,slot,0,type,0
dispatch.c,62,completed,task_id,20,core,0,bitmap,3
dispatch.c,62,completed,task_id,21,core,1,bitmap,2
dispatch.c,130,send,task_id,23,core,0,slot,0,type,1
dispatch.c,62,completed,task_id,23,core,0,bitmap,1
dispatch.c,130,send,task_id,22,core,0,slot,0,type,1
dispatch.c,130,send,task_id,24,core,0,slot,0,type,0
dispatch.c,130,send,task_id,25,core,1,slot,0,type,0
dispatch.c,62,completed,task_id,24,core,0,bitmap,3
dispatch.c,62,completed,task_id,25,core,1,bitmap,2
dispatch.c,62,completed,task_id,22,core,0,bitmap,1
dispatch.c,130,send,task_id,26,core,0,slot,0,type,0
dispatch.c,62,completed,task_id,26,core,0,bitmap,1
dispatch.c,130,send,task_id,27,core,0,slot,0,type,0
dispatch.c,130,send,task_id,28,core,1,slot,0,type,0
dispatch.c,130,send,task_id,29,core,2,slot,0,type,0
dispatch.c,62,completed,task_id,27,core,0,bitmap,7
dispatch.c,62,completed,task_id,28,core,1,bitmap,6
dispatch.c,62,completed,task_id,29,core,2,bitmap,4
dispatch.c,130,send,task_id,34,core,0,slot,0,type,1
dispatch.c,130,send,task_id,30,core,0,slot,0,type,0
dispatch.c,130,send,task_id,31,core,1,slot,0,type,0
dispatch.c,130,send,task_id,32,core,2,slot,0,type,0
dispatch.c,62,completed,task_id,30,core,0,bitmap,7
dispatch.c,62,completed,task_id,31,core,1,bitmap,6
dispatch.c,62,completed,task_id,32,core,2,bitmap,4
dispatch.c,62,completed,task_id,34,core,0,bitmap,1
dispatch.c,130,send,task_id,33,core,0,slot,0,type,1
dispatch.c,130,send,task_id,35,core,0,slot,0,type,0
dispatch.c,130,send,task_id,36,core,1,slot,0,type,0
dispatch.c,62,completed,task_id,35,core,0,bitmap,3
dispatch.c,62,completed,task_id,36,core,1,bitmap,2
dispatch.c,62,completed,task_id,33,core,0,bitmap,1
dispatch.c,130,send,task_id,45,core,0,slot,0,type,1
dispatch.c,62,completed,task_id,45,core,0,bitmap,1
dispatch.c,130,send,task_id,47,core,0,slot,0,type,0
dispatch.c,62,completed,task_id,47,core,0,bitmap,1
dispatch.c,130,send,task_id,37,core,0,slot,0,type,0
dispatch.c,62,completed,task_id,37,core,0,bitmap,1
dispatch.c,130,send,task_id,38,core,0,slot,0,type,0
dispatch.c,130,send,task_id,39,core,1,slot,0,type,0
dispatch.c,130,send,task_id,40,core,2,slot,0,type,0
dispatch.c,62,completed,task_id,38,core,0,bitmap,7
dispatch.c,62,completed,task_id,39,core,1,bitmap,6
dispatch.c,62,completed,task_id,40,core,2,bitmap,4
dispatch.c,130,send,task_id,48,core,0,slot,0,type,0
dispatch.c,130,send,task_id,49,core,1,slot,0,type,0
dispatch.c,130,send,task_id,41,core,2,slot,0,type,0
dispatch.c,130,send,task_id,42,core,3,slot,0,type,0
dispatch.c,130,send,task_id,43,core,4,slot,0,type,0
dispatch.c,130,send,task_id,50,core,5,slot,0,type,0
dispatch.c,130,send,task_id,51,core,6,slot,0,type,0
dispatch.c,62,completed,task_id,48,core,0,bitmap,127
dispatch.c,62,completed,task_id,49,core,1,bitmap,126
dispatch.c,62,completed,task_id,41,core,2,bitmap,124
dispatch.c,62,completed,task_id,42,core,3,bitmap,120
dispatch.c,62,completed,task_id,43,core,4,bitmap,112
dispatch.c,62,completed,task_id,50,core,5,bitmap,96
dispatch.c,62,completed,task_id,51,core,6,bitmap,64
dispatch.c,130,send,task_id,52,core,0,slot,0,type,0
dispatch.c,130,send,task_id,46,core,1,slot,0,type,0
dispatch.c,62,completed,task_id,52,core,0,bitmap,3
dispatch.c,62,completed,task_id,46,core,1,bitmap,2
dispatch.c,130,send,task_id,53,core,0,slot,0,type,0
dispatch.c,62,completed,task_id,53,core,0,bitmap,1
dispatch.c,130,send,task_id,54,core,0,slot,0,type,0
dispatch.c,62,completed,task_id,54,core,0,bitmap,1
dispatch.c,130,send,task_id,56,core,0,slot,0,type,1
dispatch.c,62,completed,task_id,56,core,0,bitmap,1
dispatch.c,130,send,task_id,44,core,0,slot,0,type,1
dispatch.c,130,send,task_id,60,core,0,slot,0,type,0
dispatch.c,130,send,task_id,61,core,1,slot,0,type,0
dispatch.c,62,completed,task_id,60,core,0,bitmap,3
dispatch.c,62,completed,task_id,61,core,1,bitmap,2
dispatch.c,62,completed,task_id,44,core,0,bitmap,1
dispatch.c,130,send,task_id,62,core,0,slot,0,type,0
dispatch.c,62,completed,task_id,62,core,0,bitmap,1
dispatch.c,130,send,task_id,55,core,0,slot,0,type,1
dispatch.c,130,send,task_id,57,core,0,slot,0,type,0
dispatch.c,130,send,task_id,58,core,1,slot,0,type,0
dispatch.c,130,send,task_id,59,core,2,slot,0,type,0
dispatch.c,130,send,task_id,63,core,3,slot,0,type,0
dispatch.c,62,completed,task_id,57,core,0,bitmap,15
dispatch.c,62,completed,task_id,58,core,1,bitmap,14
dispatch.c,62,completed,task_id,59,core,2,bitmap,12
dispatch.c,62,completed,task_id,63,core,3,bitmap,8
dispatch.c,62,completed,task_id,55,core,0,bitmap,1
dispatch.c,130,send,task_id,64,core,0,slot,0,type,0
dispatch.c,130,send,task_id,65,core,1,slot,0,type,0
dispatch.c,62,completed,task_id,64,core,0,bitmap,3
dispatch.c,62,completed,task_id,65,core,1,bitmap,2
dispatch.c,130,send,task_id,67,core,0,slot,0,type,1
dispatch.c,62,completed,task_id,67,core,0,bitmap,1
dispatch.c,130,send,task_id,72,core,0,slot,0,type,1
dispatch.c,130,send,task_id,66,core,1,slot,0,type,1
dispatch.c,62,completed,task_id,72,core,0,bitmap,3
dispatch.c,62,completed,task_id,66,core,1,bitmap,2
dispatch.c,130,send,task_id,68,core,0,slot,0,type,0
dispatch.c,62,completed,task_id,68,core,0,bitmap,1
dispatch.c,130,send,task_id,77,core,0,slot,0,type,1
dispatch.c,62,completed,task_id,77,core,0,bitmap,1
dispatch.c,130,send,task_id,73,core,0,slot,0,type,0
dispatch.c,62,completed,task_id,73,core,0,bitmap,1
dispatch.c,130,send,task_id,69,core,0,slot,0,type,1
dispatch.c,130,send,task_id,78,core,0,slot,0,type,0
dispatch.c,62,completed,task_id,78,core,0,bitmap,1
dispatch.c,62,completed,task_id,69,core,0,bitmap,1
dispatch.c,130,send,task_id,74,core,0,slot,0,type,1
dispatch.c,62,completed,task_id,74,core,0,bitmap,1
dispatch.c,130,send,task_id,79,core,0,slot,0,type,1
dispatch.c,130,send,task_id,82,core,1,slot,0,type,1
dispatch.c,62,completed,task_id,79,core,0,bitmap,3
dispatch.c,62,completed,task_id,82,core,1,bitmap,2
dispatch.c,130,send,task_id,70,core,0,slot,0,type,0
dispatch.c,62,completed,task_id,70,core,0,bitmap,1
dispatch.c,130,send,task_id,75,core,0,slot,0,type,0
dispatch.c,130,send,task_id,80,core,1,slot,0,type,0
dispatch.c,62,completed,task_id,75,core,0,bitmap,3
dispatch.c,62,completed,task_id,80,core,1,bitmap,2
dispatch.c,130,send,task_id,87,core,0,slot,0,type,1
dispatch.c,130,send,task_id,71,core,1,slot,0,type,1
dispatch.c,130,send,task_id,83,core,0,slot,0,type,0
dispatch.c,62,completed,task_id,83,core,0,bitmap,1
dispatch.c,62,completed,task_id,87,core,0,bitmap,3
dispatch.c,62,completed,task_id,71,core,1,bitmap,2
dispatch.c,130,send,task_id,76,core,0,slot,0,type,1
dispatch.c,130,send,task_id,81,core,1,slot,0,type,1
dispatch.c,130,send,task_id,92,core,2,slot,0,type,1
dispatch.c,62,completed,task_id,76,core,0,bitmap,7
dispatch.c,62,completed,task_id,81,core,1,bitmap,6
dispatch.c,62,completed,task_id,92,core,2,bitmap,4
dispatch.c,130,send,task_id,84,core,0,slot,0,type,1
dispatch.c,62,completed,task_id,84,core,0,bitmap,1
dispatch.c,130,send,task_id,88,core,0,slot,0,type,0
dispatch.c,62,completed,task_id,88,core,0,bitmap,1
dispatch.c,130,send,task_id,97,core,0,slot,0,type,1
dispatch.c,62,completed,task_id,97,core,0,bitmap,1
dispatch.c,130,send,task_id,93,core,0,slot,0,type,0
dispatch.c,62,completed,task_id,93,core,0,bitmap,1
dispatch.c,130,send,task_id,85,core,0,slot,0,type,0
dispatch.c,62,completed,task_id,85,core,0,bitmap,1
dispatch.c,130,send,task_id,89,core,0,slot,0,type,1
dispatch.c,130,send,task_id,98,core,0,slot,0,type,0
dispatch.c,62,completed,task_id,98,core,0,bitmap,1
dispatch.c,62,completed,task_id,89,core,0,bitmap,1
dispatch.c,130,send,task_id,102,core,0,slot,0,type,1
dispatch.c,62,completed,task_id,102,core,0,bitmap,1
dispatch.c,130,send,task_id,94,core,0,slot,0,type,1
dispatch.c,130,send,task_id,86,core,1,slot,0,type,1
dispatch.c,62,completed,task_id,94,core,0,bitmap,3
dispatch.c,62,completed,task_id,86,core,1,bitmap,2
dispatch.c,130,send,task_id,99,core,0,slot,0,type,1
dispatch.c,130,send,task_id,90,core,0,slot,0,type,0
dispatch.c,62,completed,task_id,90,core,0,bitmap,1
dispatch.c,62,completed,task_id,99,core,0,bitmap,1
dispatch.c,130,send,task_id,107,core,0,slot,0,type,1
dispatch.c,62,completed,task_id,107,core,0,bitmap,1
dispatch.c,130,send,task_id,103,core,0,slot,0,type,0
dispatch.c,62,completed,task_id,103,core,0,bitmap,1
dispatch.c,130,send,task_id,95,core,0,slot,0,type,0
dispatch.c,62,completed,task_id,95,core,0,bitmap,1
dispatch.c,130,send,task_id,112,core,0,slot,0,type,1
dispatch.c,62,completed,task_id,112,core,0,bitmap,1
dispatch.c,130,send,task_id,117,core,0,slot,0,type,1
dispatch.c,62,completed,task_id,117,core,0,bitmap,1
dispatch.c,130,send,task_id,91,core,0,slot,0,type,1
dispatch.c,130,send,task_id,100,core,0,slot,0,type,0
dispatch.c,130,send,task_id,108,core,1,slot,0,type,0
dispatch.c,62,completed,task_id,100,core,0,bitmap,3
dispatch.c,62,completed,task_id,108,core,1,bitmap,2
dispatch.c,62,completed,task_id,91,core,0,bitmap,1
dispatch.c,130,send,task_id,104,core,0,slot,0,type,1
dispatch.c,130,send,task_id,96,core,1,slot,0,type,1
dispatch.c,130,send,task_id,113,core,0,slot,0,type,0
dispatch.c,130,send,task_id,118,core,1,slot,0,type,0
dispatch.c,62,completed,task_id,113,core,0,bitmap,3
dispatch.c,62,completed,task_id,118,core,1,bitmap,2
dispatch.c,62,completed,task_id,104,core,0,bitmap,3
dispatch.c,62,completed,task_id,96,core,1,bitmap,2
dispatch.c,130,send,task_id,122,core,0,slot,0,type,1
dispatch.c,62,completed,task_id,122,core,0,bitmap,1
dispatch.c,130,send,task_id,101,core,0,slot,0,type,1
dispatch.c,130,send,task_id,109,core,1,slot,0,type,1
dispatch.c,62,completed,task_id,101,core,0,bitmap,3
dispatch.c,62,completed,task_id,109,core,1,bitmap,2
dispatch.c,130,send,task_id,114,core,0,slot,0,type,1
dispatch.c,130,send,task_id,119,core,1,slot,0,type,1
dispatch.c,130,send,task_id,105,core,0,slot,0,type,0
dispatch.c,130,send,task_id,123,core,1,slot,0,type,0
dispatch.c,62,completed,task_id,105,core,0,bitmap,3
dispatch.c,62,completed,task_id,123,core,1,bitmap,2
dispatch.c,62,completed,task_id,114,core,0,bitmap,3
dispatch.c,62,completed,task_id,119,core,1,bitmap,2
dispatch.c,130,send,task_id,127,core,0,slot,0,type,1
dispatch.c,130,send,task_id,110,core,0,slot,0,type,0
dispatch.c,62,completed,task_id,110,core,0,bitmap,1
dispatch.c,62,completed,task_id,127,core,0,bitmap,1
dispatch.c,130,send,task_id,106,core,0,slot,0,type,1
dispatch.c,130,send,task_id,124,core,1,slot,0,type,1
dispatch.c,130,send,task_id,115,core,0,slot,0,type,0
dispatch.c,130,send,task_id,120,core,1,slot,0,type,0
dispatch.c,62,completed,task_id,115,core,0,bitmap,3
dispatch.c,62,completed,task_id,120,core,1,bitmap,2
dispatch.c,62,completed,task_id,106,core,0,bitmap,3
dispatch.c,62,completed,task_id,124,core,1,bitmap,2
dispatch.c,130,send,task_id,132,core,0,slot,0,type,1
dispatch.c,62,completed,task_id,132,core,0,bitmap,1
dispatch.c,130,send,task_id,111,core,0,slot,0,type,1
dispatch.c,130,send,task_id,116,core,1,slot,0,type,1
dispatch.c,130,send,task_id,128,core,0,slot,0,type,0
dispatch.c,62,completed,task_id,128,core,0,bitmap,1
dispatch.c,62,completed,task_id,111,core,0,bitmap,3
dispatch.c,62,completed,task_id,116,core,1,bitmap,2
dispatch.c,130,send,task_id,121,core,0,slot,0,type,1
dispatch.c,130,send,task_id,137,core,1,slot,0,type,1
dispatch.c,130,send,task_id,125,core,0,slot,0,type,0
dispatch.c,62,completed,task_id,125,core,0,bitmap,1
dispatch.c,62,completed,task_id,121,core,0,bitmap,3
dispatch.c,62,completed,task_id,137,core,1,bitmap,2
dispatch.c,130,send,task_id,133,core,0,slot,0,type,0
dispatch.c,62,completed,task_id,133,core,0,bitmap,1
dispatch.c,130,send,task_id,129,core,0,slot,0,type,1
dispatch.c,130,send,task_id,126,core,1,slot,0,type,1
dispatch.c,130,send,task_id,138,core,0,slot,0,type,0
dispatch.c,62,completed,task_id,138,core,0,bitmap,1
dispatch.c,62,completed,task_id,129,core,0,bitmap,3
dispatch.c,62,completed,task_id,126,core,1,bitmap,2
dispatch.c,130,send,task_id,134,core,0,slot,0,type,1
dispatch.c,62,completed,task_id,134,core,0,bitmap,1
dispatch.c,130,send,task_id,142,core,0,slot,0,type,1
dispatch.c,62,completed,task_id,142,core,0,bitmap,1
dispatch.c,130,send,task_id,147,core,0,slot,0,type,1
dispatch.c,62,completed,task_id,147,core,0,bitmap,1
dispatch.c,130,send,task_id,139,core,0,slot,0,type,1
dispatch.c,130,send,task_id,130,core,0,slot,0,type,0
dispatch.c,62,completed,task_id,130,core,0,bitmap,1
dispatch.c,62,completed,task_id,139,core,0,bitmap,1
dispatch.c,130,send,task_id,152,core,0,slot,0,type,1
dispatch.c,62,completed,task_id,152,core,0,bitmap,1
dispatch.c,130,send,task_id,135,core,0,slot,0,type,0
dispatch.c,62,completed,task_id,135,core,0,bitmap,1
dispatch.c,130,send,task_id,157,core,0,slot,0,type,1
dispatch.c,130,send,task_id,143,core,0,slot,0,type,0
dispatch.c,130,send,task_id,148,core,1,slot,0,type,0
dispatch.c,62,completed,task_id,143,core,0,bitmap,3
dispatch.c,62,completed,task_id,148,core,1,bitmap,2
dispatch.c,62,completed,task_id,157,core,0,bitmap,1
dispatch.c,130,send,task_id,131,core,0,slot,0,type,1
dispatch.c,130,send,task_id,136,core,1,slot,0,type,1
dispatch.c,130,send,task_id,162,core,2,slot,0,type,1
dispatch.c,130,send,task_id,140,core,0,slot,0,type,0
dispatch.c,130,send,task_id,153,core,1,slot,0,type,0
dispatch.c,62,completed,task_id,140,core,0,bitmap,3
dispatch.c,62,completed,task_id,153,core,1,bitmap,2
dispatch.c,62,completed,task_id,131,core,0,bitmap,7
dispatch.c,62,completed,task_id,136,core,1,bitmap,6
dispatch.c,62,completed,task_id,162,core,2,bitmap,4
dispatch.c,130,send,task_id,144,core,0,slot,0,type,1
dispatch.c,130,send,task_id,149,core,1,slot,0,type,1
dispatch.c,130,send,task_id,167,core,2,slot,0,type,1
dispatch.c,130,send,task_id,158,core,0,slot,0,type,0
dispatch.c,62,completed,task_id,158,core,0,bitmap,1
dispatch.c,62,completed,task_id,144,core,0,bitmap,7
dispatch.c,62,completed,task_id,149,core,1,bitmap,6
dispatch.c,62,completed,task_id,167,core,2,bitmap,4
dispatch.c,130,send,task_id,172,core,0,slot,0,type,1
dispatch.c,62,completed,task_id,172,core,0,bitmap,1
dispatch.c,130,send,task_id,141,core,0,slot,0,type,1
dispatch.c,130,send,task_id,154,core,1,slot,0,type,1
dispatch.c,130,send,task_id,177,core,2,slot,0,type,1
dispatch.c,130,send,task_id,182,core,3,slot,0,type,1
dispatch.c,130,send,task_id,163,core,0,slot,0,type,0
dispatch.c,130,send,task_id,145,core,1,slot,0,type,0
dispatch.c,130,send,task_id,150,core,2,slot,0,type,0
dispatch.c,130,send,task_id,168,core,3,slot,0,type,0
dispatch.c,130,send,task_id,173,core,4,slot,0,type,0
dispatch.c,62,completed,task_id,163,core,0,bitmap,31
dispatch.c,62,completed,task_id,145,core,1,bitmap,30
dispatch.c,62,completed,task_id,150,core,2,bitmap,28
dispatch.c,62,completed,task_id,168,core,3,bitmap,24
dispatch.c,62,completed,task_id,173,core,4,bitmap,16
dispatch.c,62,completed,task_id,141,core,0,bitmap,15
dispatch.c,62,completed,task_id,154,core,1,bitmap,14
dispatch.c,62,completed,task_id,177,core,2,bitmap,12
dispatch.c,62,completed,task_id,182,core,3,bitmap,8
dispatch.c,130,send,task_id,159,core,0,slot,0,type,1
dispatch.c,62,completed,task_id,159,core,0,bitmap,1
dispatch.c,130,send,task_id,164,core,0,slot,0,type,1
dispatch.c,130,send,task_id,146,core,1,slot,0,type,1
dispatch.c,130,send,task_id,151,core,2,slot,0,type,1
dispatch.c,130,send,task_id,169,core,3,slot,0,type,1
dispatch.c,130,send,task_id,174,core,4,slot,0,type,1
dispatch.c,130,send,task_id,155,core,0,slot,0,type,0
dispatch.c,130,send,task_id,178,core,1,slot,0,type,0
dispatch.c,130,send,task_id,183,core,2,slot,0,type,0
dispatch.c,62,completed,task_id,155,core,0,bitmap,7
dispatch.c,62,completed,task_id,178,core,1,bitmap,6
dispatch.c,62,completed,task_id,183,core,2,bitmap,4
dispatch.c,62,completed,task_id,164,core,0,bitmap,31
dispatch.c,62,completed,task_id,146,core,1,bitmap,30
dispatch.c,62,completed,task_id,151,core,2,bitmap,28
dispatch.c,62,completed,task_id,169,core,3,bitmap,24
dispatch.c,62,completed,task_id,174,core,4,bitmap,16
dispatch.c,130,send,task_id,187,core,0,slot,0,type,1
dispatch.c,130,send,task_id,192,core,1,slot,0,type,1
dispatch.c,130,send,task_id,197,core,2,slot,0,type,1
dispatch.c,130,send,task_id,160,core,0,slot,0,type,0
dispatch.c,62,completed,task_id,160,core,0,bitmap,1
dispatch.c,62,completed,task_id,187,core,0,bitmap,7
dispatch.c,62,completed,task_id,192,core,1,bitmap,6
dispatch.c,62,completed,task_id,197,core,2,bitmap,4
dispatch.c,130,send,task_id,156,core,0,slot,0,type,1
dispatch.c,130,send,task_id,179,core,1,slot,0,type,1
dispatch.c,130,send,task_id,184,core,2,slot,0,type,1
dispatch.c,130,send,task_id,202,core,3,slot,0,type,1
dispatch.c,130,send,task_id,207,core,4,slot,0,type,1
dispatch.c,130,send,task_id,212,core,5,slot,0,type,1
dispatch.c,130,send,task_id,217,core,6,slot,0,type,1
dispatch.c,130,send,task_id,161,core,7,slot,0,type,1
dispatch.c,130,send,task_id,222,core,8,slot,0,type,1
dispatch.c,130,send,task_id,227,core,9,slot,0,type,1
dispatch.c,130,send,task_id,165,core,0,slot,0,type,0
dispatch.c,130,send,task_id,170,core,1,slot,0,type,0
dispatch.c,130,send,task_id,175,core,2,slot,0,type,0
dispatch.c,130,send,task_id,188,core,3,slot,0,type,0
dispatch.c,130,send,task_id,193,core,4,slot,0,type,0
dispatch.c,130,send,task_id,198,core,5,slot,0,type,0
dispatch.c,62,completed,task_id,165,core,0,bitmap,63
dispatch.c,62,completed,task_id,170,core,1,bitmap,62
dispatch.c,62,completed,task_id,175,core,2,bitmap,60
dispatch.c,62,completed,task_id,188,core,3,bitmap,56
dispatch.c,62,completed,task_id,193,core,4,bitmap,48
dispatch.c,62,completed,task_id,198,core,5,bitmap,32
dispatch.c,62,completed,task_id,156,core,0,bitmap,1023
dispatch.c,62,completed,task_id,179,core,1,bitmap,1022
dispatch.c,62,completed,task_id,184,core,2,bitmap,1020
dispatch.c,62,completed,task_id,202,core,3,bitmap,1016
dispatch.c,62,completed,task_id,207,core,4,bitmap,1008
dispatch.c,62,completed,task_id,212,core,5,bitmap,992
dispatch.c,62,completed,task_id,217,core,6,bitmap,960
dispatch.c,62,completed,task_id,161,core,7,bitmap,896
dispatch.c,62,completed,task_id,222,core,8,bitmap,768
dispatch.c,62,completed,task_id,227,core,9,bitmap,512
dispatch.c,130,send,task_id,166,core,0,slot,0,type,1
dispatch.c,130,send,task_id,171,core,1,slot,0,type,1
dispatch.c,130,send,task_id,176,core,2,slot,0,type,1
dispatch.c,130,send,task_id,189,core,3,slot,0,type,1
dispatch.c,130,send,task_id,180,core,0,slot,0,type,0
dispatch.c,130,send,task_id,185,core,1,slot,0,type,0
dispatch.c,130,send,task_id,203,core,2,slot,0,type,0
dispatch.c,62,completed,task_id,180,core,0,bitmap,7
dispatch.c,62,completed,task_id,185,core,1,bitmap,6
dispatch.c,62,completed,task_id,203,core,2,bitmap,4
dispatch.c,62,completed,task_id,166,core,0,bitmap,15
dispatch.c,62,completed,task_id,171,core,1,bitmap,14
dispatch.c,62,completed,task_id,176,core,2,bitmap,12
dispatch.c,62,completed,task_id,189,core,3,bitmap,8
dispatch.c,130,send,task_id,194,core,0,slot,0,type,1
dispatch.c,130,send,task_id,199,core,1,slot,0,type,1
dispatch.c,62,completed,task_id,194,core,0,bitmap,3
dispatch.c,62,completed,task_id,199,core,1,bitmap,2
dispatch.c,130,send,task_id,208,core,0,slot,0,type,0
dispatch.c,62,completed,task_id,208,core,0,bitmap,1
dispatch.c,130,send,task_id,232,core,0,slot,0,type,1
dispatch.c,130,send,task_id,237,core,1,slot,0,type,1
dispatch.c,130,send,task_id,242,core,2,slot,0,type,1
dispatch.c,130,send,task_id,247,core,3,slot,0,type,1
dispatch.c,130,send,task_id,181,core,4,slot,0,type,1
dispatch.c,130,send,task_id,186,core,5,slot,0,type,1
dispatch.c,130,send,task_id,204,core,6,slot,0,type,1
dispatch.c,130,send,task_id,213,core,0,slot,0,type,0
dispatch.c,130,send,task_id,218,core,1,slot,0,type,0
dispatch.c,130,send,task_id,223,core,2,slot,0,type,0
dispatch.c,130,send,task_id,228,core,3,slot,0,type,0
dispatch.c,130,send,task_id,190,core,4,slot,0,type,0
dispatch.c,130,send,task_id,195,core,5,slot,0,type,0
dispatch.c,62,completed,task_id,213,core,0,bitmap,63
dispatch.c,62,completed,task_id,218,core,1,bitmap,62
dispatch.c,62,completed,task_id,223,core,2,bitmap,60
dispatch.c,62,completed,task_id,228,core,3,bitmap,56
dispatch.c,62,completed,task_id,190,core,4,bitmap,48
dispatch.c,62,completed,task_id,195,core,5,bitmap,32
dispatch.c,62,completed,task_id,232,core,0,bitmap,127
dispatch.c,62,completed,task_id,237,core,1,bitmap,126
dispatch.c,62,completed,task_id,242,core,2,bitmap,124
dispatch.c,62,completed,task_id,247,core,3,bitmap,120
dispatch.c,62,completed,task_id,181,core,4,bitmap,112
dispatch.c,62,completed,task_id,186,core,5,bitmap,96
dispatch.c,62,completed,task_id,204,core,6,bitmap,64
dispatch.c,130,send,task_id,252,core,0,slot,0,type,1
dispatch.c,130,send,task_id,209,core,1,slot,0,type,1
dispatch.c,130,send,task_id,200,core,0,slot,0,type,0
dispatch.c,62,completed,task_id,200,core,0,bitmap,1
dispatch.c,62,completed,task_id,252,core,0,bitmap,3
dispatch.c,62,completed,task_id,209,core,1,bitmap,2
dispatch.c,130,send,task_id,214,core,0,slot,0,type,1
dispatch.c,130,send,task_id,219,core,1,slot,0,type,1
dispatch.c,130,send,task_id,224,core,2,slot,0,type,1
dispatch.c,130,send,task_id,229,core,3,slot,0,type,1
dispatch.c,130,send,task_id,191,core,4,slot,0,type,1
dispatch.c,130,send,task_id,196,core,5,slot,0,type,1
dispatch.c,130,send,task_id,201,core,6,slot,0,type,1
dispatch.c,130,send,task_id,233,core,0,slot,0,type,0
dispatch.c,130,send,task_id,238,core,1,slot,0,type,0
dispatch.c,130,send,task_id,243,core,2,slot,0,type,0
dispatch.c,130,send,task_id,248,core,3,slot,0,type,0
dispatch.c,130,send,task_id,205,core,4,slot,0,type,0
dispatch.c,130,send,task_id,253,core,5,slot,0,type,0
dispatch.c,130,send,task_id,210,core,6,slot,0,type,0
dispatch.c,62,completed,task_id,233,core,0,bitmap,127
dispatch.c,62,completed,task_id,238,core,1,bitmap,126
dispatch.c,62,completed,task_id,243,core,2,bitmap,124
dispatch.c,62,completed,task_id,248,core,3,bitmap,120
dispatch.c,62,completed,task_id,205,core,4,bitmap,112
dispatch.c,62,completed,task_id,253,core,5,bitmap,96
dispatch.c,62,completed,task_id,210,core,6,bitmap,64
dispatch.c,62,completed,task_id,214,core,0,bitmap,127
dispatch.c,62,completed,task_id,219,core,1,bitmap,126
dispatch.c,62,completed,task_id,224,core,2,bitmap,124
dispatch.c,62,completed,task_id,229,core,3,bitmap,120
dispatch.c,62,completed,task_id,191,core,4,bitmap,112
dispatch.c,62,completed,task_id,196,core,5,bitmap,96
dispatch.c,62,completed,task_id,201,core,6,bitmap,64
dispatch.c,130,send,task_id,234,core,0,slot,0,type,1
dispatch.c,130,send,task_id,239,core,1,slot,0,type,1
dispatch.c,130,send,task_id,244,core,2,slot,0,type,1
dispatch.c,130,send,task_id,249,core,3,slot,0,type,1
dispatch.c,130,send,task_id,206,core,4,slot,0,type,1
dispatch.c,130,send,task_id,211,core,5,slot,0,type,1
dispatch.c,130,send,task_id,215,core,0,slot,0,type,0
dispatch.c,130,send,task_id,220,core,1,slot,0,type,0
dispatch.c,62,completed,task_id,215,core,0,bitmap,3
dispatch.c,62,completed,task_id,220,core,1,bitmap,2
dispatch.c,62,completed,task_id,234,core,0,bitmap,63
dispatch.c,62,completed,task_id,239,core,1,bitmap,62
dispatch.c,62,completed,task_id,244,core,2,bitmap,60
dispatch.c,62,completed,task_id,249,core,3,bitmap,56
dispatch.c,62,completed,task_id,206,core,4,bitmap,48
dispatch.c,62,completed,task_id,211,core,5,bitmap,32
dispatch.c,130,send,task_id,254,core,0,slot,0,type,1
dispatch.c,130,send,task_id,257,core,1,slot,0,type,1
dispatch.c,62,completed,task_id,254,core,0,bitmap,3
dispatch.c,62,completed,task_id,257,core,1,bitmap,2
dispatch.c,130,send,task_id,262,core,0,slot,0,type,1
dispatch.c,130,send,task_id,225,core,0,slot,0,type,0
dispatch.c,130,send,task_id,230,core,1,slot,0,type,0
dispatch.c,62,completed,task_id,225,core,0,bitmap,3
dispatch.c,62,completed,task_id,230,core,1,bitmap,2
dispatch.c,62,completed,task_id,262,core,0,bitmap,1
dispatch.c,130,send,task_id,216,core,0,slot,0,type,1
dispatch.c,130,send,task_id,221,core,1,slot,0,type,1
dispatch.c,130,send,task_id,235,core,0,slot,0,type,0
dispatch.c,130,send,task_id,240,core,1,slot,0,type,0
dispatch.c,130,send,task_id,245,core,2,slot,0,type,0
dispatch.c,130,send,task_id,250,core,3,slot,0,type,0
dispatch.c,130,send,task_id,255,core,4,slot,0,type,0
dispatch.c,130,send,task_id,258,core,5,slot,0,type,0
dispatch.c,130,send,task_id,263,core,6,slot,0,type,0
dispatch.c,62,completed,task_id,235,core,0,bitmap,127
dispatch.c,62,completed,task_id,240,core,1,bitmap,126
dispatch.c,62,completed,task_id,245,core,2,bitmap,124
dispatch.c,62,completed,task_id,250,core,3,bitmap,120
dispatch.c,62,completed,task_id,255,core,4,bitmap,112
dispatch.c,62,completed,task_id,258,core,5,bitmap,96
dispatch.c,62,completed,task_id,263,core,6,bitmap,64
dispatch.c,62,completed,task_id,216,core,0,bitmap,3
dispatch.c,62,completed,task_id,221,core,1,bitmap,2
dispatch.c,130,send,task_id,226,core,0,slot,0,type,1
dispatch.c,130,send,task_id,231,core,1,slot,0,type,1
dispatch.c,130,send,task_id,267,core,2,slot,0,type,1
dispatch.c,130,send,task_id,272,core,3,slot,0,type,1
dispatch.c,130,send,task_id,277,core,4,slot,0,type,1
dispatch.c,62,completed,task_id,226,core,0,bitmap,31
dispatch.c,62,completed,task_id,231,core,1,bitmap,30
dispatch.c,62,completed,task_id,267,core,2,bitmap,28
dispatch.c,62,completed,task_id,272,core,3,bitmap,24
dispatch.c,62,completed,task_id,277,core,4,bitmap,16
dispatch.c,130,send,task_id,282,core,0,slot,0,type,1
dispatch.c,62,completed,task_id,282,core,0,bitmap,1
dispatch.c,130,send,task_id,287,core,0,slot,0,type,1
dispatch.c,130,send,task_id,236,core,1,slot,0,type,1
dispatch.c,130,send,task_id,241,core,2,slot,0,type,1
dispatch.c,130,send,task_id,246,core,3,slot,0,type,1
dispatch.c,130,send,task_id,251,core,4,slot,0,type,1
dispatch.c,130,send,task_id,256,core,5,slot,0,type,1
dispatch.c,130,send,task_id,259,core,6,slot,0,type,1
dispatch.c,130,send,task_id,264,core,7,slot,0,type,1
dispatch.c,62,completed,task_id,287,core,0,bitmap,255
dispatch.c,62,completed,task_id,236,core,1,bitmap,254
dispatch.c,62,completed,task_id,241,core,2,bitmap,252
dispatch.c,62,completed,task_id,246,core,3,bitmap,248
dispatch.c,62,completed,task_id,251,core,4,bitmap,240
dispatch.c,62,completed,task_id,256,core,5,bitmap,224
dispatch.c,62,completed,task_id,259,core,6,bitmap,192
dispatch.c,62,completed,task_id,264,core,7,bitmap,128
dispatch.c,130,send,task_id,292,core,0,slot,0,type,1
dispatch.c,130,send,task_id,268,core,0,slot,0,type,0
dispatch.c,130,send,task_id,273,core,1,slot,0,type,0
dispatch.c,130,send,task_id,278,core,2,slot,0,type,0
dispatch.c,130,send,task_id,283,core,3,slot,0,type,0
dispatch.c,62,completed,task_id,268,core,0,bitmap,15
dispatch.c,62,completed,task_id,273,core,1,bitmap,14
dispatch.c,62,completed,task_id,278,core,2,bitmap,12
dispatch.c,62,completed,task_id,283,core,3,bitmap,8
dispatch.c,62,completed,task_id,292,core,0,bitmap,1
dispatch.c,130,send,task_id,297,core,0,slot,0,type,1
dispatch.c,62,completed,task_id,297,core,0,bitmap,1
dispatch.c,130,send,task_id,288,core,0,slot,0,type,0
dispatch.c,62,completed,task_id,288,core,0,bitmap,1
dispatch.c,130,send,task_id,260,core,0,slot,0,type,0
dispatch.c,130,send,task_id,265,core,1,slot,0,type,0
dispatch.c,62,completed,task_id,260,core,0,bitmap,3
dispatch.c,62,completed,task_id,265,core,1,bitmap,2
dispatch.c,130,send,task_id,302,core,0,slot,0,type,1
dispatch.c,130,send,task_id,269,core,1,slot,0,type,1
dispatch.c,130,send,task_id,274,core,2,slot,0,type,1
dispatch.c,130,send,task_id,279,core,3,slot,0,type,1
dispatch.c,130,send,task_id,284,core,4,slot,0,type,1
dispatch.c,130,send,task_id,289,core,5,slot,0,type,1
dispatch.c,130,send,task_id,293,core,0,slot,0,type,0
dispatch.c,130,send,task_id,298,core,1,slot,0,type,0
dispatch.c,62,completed,task_id,293,core,0,bitmap,3
dispatch.c,62,completed,task_id,298,core,1,bitmap,2
dispatch.c,62,completed,task_id,302,core,0,bitmap,63
dispatch.c,62,completed,task_id,269,core,1,bitmap,62
dispatch.c,62,completed,task_id,274,core,2,bitmap,60
dispatch.c,62,completed,task_id,279,core,3,bitmap,56
dispatch.c,62,completed,task_id,284,core,4,bitmap,48
dispatch.c,62,completed,task_id,289,core,5,bitmap,32
dispatch.c,130,send,task_id,307,core,0,slot,0,type,1
dispatch.c,62,completed,task_id,307,core,0,bitmap,1
dispatch.c,130,send,task_id,261,core,0,slot,0,type,1
dispatch.c,130,send,task_id,266,core,1,slot,0,type,1
dispatch.c,130,send,task_id,294,core,2,slot,0,type,1
dispatch.c,130,send,task_id,299,core,3,slot,0,type,1
dispatch.c,130,send,task_id,303,core,0,slot,0,type,0
dispatch.c,130,send,task_id,270,core,1,slot,0,type,0
dispatch.c,130,send,task_id,275,core,2,slot,0,type,0
dispatch.c,130,send,task_id,280,core,3,slot,0,type,0
dispatch.c,130,send,task_id,285,core,4,slot,0,type,0
dispatch.c,130,send,task_id,290,core,5,slot,0,type,0
dispatch.c,130,send,task_id,308,core,6,slot,0,type,0
dispatch.c,62,completed,task_id,303,core,0,bitmap,127
dispatch.c,62,completed,task_id,270,core,1,bitmap,126
dispatch.c,62,completed,task_id,275,core,2,bitmap,124
dispatch.c,62,completed,task_id,280,core,3,bitmap,120
dispatch.c,62,completed,task_id,285,core,4,bitmap,112
dispatch.c,62,completed,task_id,290,core,5,bitmap,96
dispatch.c,62,completed,task_id,308,core,6,bitmap,64
dispatch.c,62,completed,task_id,261,core,0,bitmap,15
dispatch.c,62,completed,task_id,266,core,1,bitmap,14
dispatch.c,62,completed,task_id,294,core,2,bitmap,12
dispatch.c,62,completed,task_id,299,core,3,bitmap,8
dispatch.c,130,send,task_id,312,core,0,slot,0,type,1
dispatch.c,62,completed,task_id,312,core,0,bitmap,1
dispatch.c,130,send,task_id,317,core,0,slot,0,type,1
dispatch.c,62,completed,task_id,317,core,0,bitmap,1
dispatch.c,130,send,task_id,304,core,0,slot,0,type,1
dispatch.c,130,send,task_id,271,core,1,slot,0,type,1
dispatch.c,130,send,task_id,276,core,2,slot,0,type,1
dispatch.c,130,send,task_id,281,core,3,slot,0,type,1
dispatch.c,130,send,task_id,286,core,4,slot,0,type,1
dispatch.c,130,send,task_id,291,core,5,slot,0,type,1
dispatch.c,130,send,task_id,309,core,6,slot,0,type,1
dispatch.c,130,send,task_id,295,core,0,slot,0,type,0
dispatch.c,130,send,task_id,300,core,1,slot,0,type,0
dispatch.c,130,send,task_id,313,core,2,slot,0,type,0
dispatch.c,130,send,task_id,318,core,3,slot,0,type,0
dispatch.c,62,completed,task_id,295,core,0,bitmap,15
dispatch.c,62,completed,task_id,300,core,1,bitmap,14
dispatch.c,62,completed,task_id,313,core,2,bitmap,12
dispatch.c,62,completed,task_id,318,core,3,bitmap,8
dispatch.c,62,completed,task_id,304,core,0,bitmap,127
dispatch.c,62,completed,task_id,271,core,1,bitmap,126
dispatch.c,62,completed,task_id,276,core,2,bitmap,124
dispatch.c,62,completed,task_id,281,core,3,bitmap,120
dispatch.c,62,completed,task_id,286,core,4,bitmap,112
dispatch.c,62,completed,task_id,291,core,5,bitmap,96
dispatch.c,62,completed,task_id,309,core,6,bitmap,64
dispatch.c,130,send,task_id,322,core,0,slot,0,type,1
dispatch.c,130,send,task_id,327,core,1,slot,0,type,1
dispatch.c,130,send,task_id,332,core,2,slot,0,type,1
dispatch.c,130,send,task_id,337,core,3,slot,0,type,1
dispatch.c,130,send,task_id,342,core,4,slot,0,type,1
dispatch.c,130,send,task_id,347,core,5,slot,0,type,1
dispatch.c,130,send,task_id,352,core,6,slot,0,type,1
dispatch.c,130,send,task_id,357,core,7,slot,0,type,1
dispatch.c,130,send,task_id,362,core,8,slot,0,type,1
dispatch.c,130,send,task_id,367,core,9,slot,0,type,1
dispatch.c,130,send,task_id,372,core,10,slot,0,type,1
dispatch.c,62,completed,task_id,322,core,0,bitmap,2047
dispatch.c,62,completed,task_id,327,core,1,bitmap,2046
dispatch.c,62,completed,task_id,332,core,2,bitmap,2044
dispatch.c,62,completed,task_id,337,core,3,bitmap,2040
dispatch.c,62,completed,task_id,342,core,4,bitmap,2032
dispatch.c,62,completed,task_id,347,core,5,bitmap,2016
dispatch.c,62,completed,task_id,352,core,6,bitmap,1984
dispatch.c,62,completed,task_id,357,core,7,bitmap,1920
dispatch.c,62,completed,task_id,362,core,8,bitmap,1792
dispatch.c,62,completed,task_id,367,core,9,bitmap,1536
dispatch.c,62,completed,task_id,372,core,10,bitmap,1024
dispatch.c,130,send,task_id,377,core,0,slot,0,type,1
dispatch.c,62,completed,task_id,377,core,0,bitmap,1
dispatch.c,130,send,task_id,296,core,0,slot,0,type,1
dispatch.c,130,send,task_id,382,core,1,slot,0,type,1
dispatch.c,130,send,task_id,305,core,0,slot,0,type,0
dispatch.c,130,send,task_id,310,core,1,slot,0,type,0
dispatch.c,62,completed,task_id,305,core,0,bitmap,3
dispatch.c,62,completed,task_id,310,core,1,bitmap,2
dispatch.c,62,completed,task_id,296,core,0,bitmap,3
dispatch.c,62,completed,task_id,382,core,1,bitmap,2
dispatch.c,130,send,task_id,301,core,0,slot,0,type,1
dispatch.c,130,send,task_id,314,core,1,slot,0,type,1
dispatch.c,130,send,task_id,319,core,2,slot,0,type,1
dispatch.c,130,send,task_id,387,core,3,slot,0,type,1
dispatch.c,130,send,task_id,392,core,4,slot,0,type,1
dispatch.c,130,send,task_id,323,core,0,slot,0,type,0
dispatch.c,130,send,task_id,328,core,1,slot,0,type,0
dispatch.c,130,send,task_id,333,core,2,slot,0,type,0
dispatch.c,130,send,task_id,338,core,3,slot,0,type,0
dispatch.c,130,send,task_id,343,core,4,slot,0,type,0
dispatch.c,130,send,task_id,348,core,5,slot,0,type,0
dispatch.c,130,send,task_id,353,core,6,slot,0,type,0
dispatch.c,130,send,task_id,358,core,7,slot,0,type,0
dispatch.c,130,send,task_id,363,core,8,slot,0,type,0
dispatch.c,62,completed,task_id,323,core,0,bitmap,511
dispatch.c,62,completed,task_id,328,core,1,bitmap,510
dispatch.c,62,completed,task_id,333,core,2,bitmap,508
dispatch.c,62,completed,task_id,338,core,3,bitmap,504
dispatch.c,62,completed,task_id,343,core,4,bitmap,496
dispatch.c,62,completed,task_id,348,core,5,bitmap,480
dispatch.c,62,completed,task_id,353,core,6,bitmap,448
dispatch.c,62,completed,task_id,358,core,7,bitmap,384
dispatch.c,62,completed,task_id,363,core,8,bitmap,256
dispatch.c,62,completed,task_id,301,core,0,bitmap,31
dispatch.c,62,completed,task_id,314,core,1,bitmap,30
dispatch.c,62,completed,task_id,319,core,2,bitmap,28
dispatch.c,62,completed,task_id,387,core,3,bitmap,24
dispatch.c,62,completed,task_id,392,core,4,bitmap,16
dispatch.c,130,send,task_id,397,core,0,slot,0,type,1
dispatch.c,130,send,task_id,402,core,1,slot,0,type,1
dispatch.c,130,send,task_id,306,core,2,slot,0,type,1
dispatch.c,130,send,task_id,311,core,3,slot,0,type,1
dispatch.c,130,send,task_id,407,core,4,slot,0,type,1
dispatch.c,130,send,task_id,368,core,0,slot,0,type,0
dispatch.c,130,send,task_id,373,core,1,slot,0,type,0
dispatch.c,130,send,task_id,378,core,2,slot,0,type,0
dispatch.c,130,send,task_id,383,core,3,slot,0,type,0
dispatch.c,62,completed,task_id,368,core,0,bitmap,15
dispatch.c,62,completed,task_id,373,core,1,bitmap,14
dispatch.c,62,completed,task_id,378,core,2,bitmap,12
dispatch.c,62,completed,task_id,383,core,3,bitmap,8
dispatch.c,62,completed,task_id,397,core,0,bitmap,31
dispatch.c,62,completed,task_id,402,core,1,bitmap,30
dispatch.c,62,completed,task_id,306,core,2,bitmap,28
dispatch.c,62,completed,task_id,311,core,3,bitmap,24
dispatch.c,62,completed,task_id,407,core,4,bitmap,16
dispatch.c,130,send,task_id,412,core,0,slot,0,type,1
dispatch.c,62,completed,task_id,412,core,0,bitmap,1
dispatch.c,130,send,task_id,417,core,0,slot,0,type,1
dispatch.c,62,completed,task_id,417,core,0,bitmap,1
dispatch.c,130,send,task_id,422,core,0,slot,0,type,1
dispatch.c,130,send,task_id,427,core,1,slot,0,type,1
dispatch.c,62,completed,task_id,422,core,0,bitmap,3
dispatch.c,62,completed,task_id,427,core,1,bitmap,2
dispatch.c,130,send,task_id,324,core,0,slot,0,type,1
dispatch.c,130,send,task_id,329,core,1,slot,0,type,1
dispatch.c,130,send,task_id,334,core,2,slot,0,type,1
dispatch.c,130,send,task_id,339,core,3,slot,0,type,1
dispatch.c,62,completed,task_id,324,core,0,bitmap,15
dispatch.c,62,completed,task_id,329,core,1,bitmap,14
dispatch.c,62,completed,task_id,334,core,2,bitmap,12
dispatch.c,62,completed,task_id,339,core,3,bitmap,8
dispatch.c,130,send,task_id,344,core,0,slot,0,type,1
dispatch.c,130,send,task_id,349,core,1,slot,0,type,1
dispatch.c,130,send,task_id,354,core,2,slot,0,type,1
dispatch.c,130,send,task_id,359,core,3,slot,0,type,1
dispatch.c,130,send,task_id,364,core,4,slot,0,type,1
dispatch.c,62,completed,task_id,344,core,0,bitmap,31
dispatch.c,62,completed,task_id,349,core,1,bitmap,30
dispatch.c,62,completed,task_id,354,core,2,bitmap,28
dispatch.c,62,completed,task_id,359,core,3,bitmap,24
dispatch.c,62,completed,task_id,364,core,4,bitmap,16
dispatch.c,130,send,task_id,432,core,0,slot,0,type,1
dispatch.c,130,send,task_id,315,core,0,slot,0,type,0
dispatch.c,62,completed,task_id,315,core,0,bitmap,1
dispatch.c,62,completed,task_id,432,core,0,bitmap,1
dispatch.c,130,send,task_id,320,core,0,slot,0,type,0
dispatch.c,130,send,task_id,388,core,1,slot,0,type,0
dispatch.c,130,send,task_id,393,core,2,slot,0,type,0
dispatch.c,62,completed,task_id,320,core,0,bitmap,7
dispatch.c,62,completed,task_id,388,core,1,bitmap,6
dispatch.c,62,completed,task_id,393,core,2,bitmap,4
dispatch.c,130,send,task_id,437,core,0,slot,0,type,1
dispatch.c,130,send,task_id,442,core,1,slot,0,type,1
dispatch.c,130,send,task_id,447,core,2,slot,0,type,1
dispatch.c,130,send,task_id,452,core,3,slot,0,type,1
dispatch.c,130,send,task_id,457,core,4,slot,0,type,1
dispatch.c,62,completed,task_id,437,core,0,bitmap,31
dispatch.c,62,completed,task_id,442,core,1,bitmap,30
dispatch.c,62,completed,task_id,447,core,2,bitmap,28
dispatch.c,62,completed,task_id,452,core,3,bitmap,24
dispatch.c,62,completed,task_id,457,core,4,bitmap,16
dispatch.c,130,send,task_id,462,core,0,slot,0,type,1
dispatch.c,62,completed,task_id,462,core,0,bitmap,1
dispatch.c,130,send,task_id,467,core,0,slot,0,type,1
dispatch.c,62,completed,task_id,467,core,0,bitmap,1
dispatch.c,130,send,task_id,369,core,0,slot,0,type,1
dispatch.c,130,send,task_id,398,core,0,slot,0,type,0
dispatch.c,130,send,task_id,403,core,1,slot,0,type,0
dispatch.c,130,send,task_id,408,core,2,slot,0,type,0
dispatch.c,130,send,task_id,413,core,3,slot,0,type,0
dispatch.c,130,send,task_id,418,core,4,slot,0,type,0
dispatch.c,130,send,task_id,423,core,5,slot,0,type,0
dispatch.c,130,send,task_id,428,core,6,slot,0,type,0
dispatch.c,130,send,task_id,325,core,7,slot,0,type,0
dispatch.c,130,send,task_id,330,core,8,slot,0,type,0
dispatch.c,130,send,task_id,335,core,9,slot,0,type,0
dispatch.c,130,send,task_id,340,core,10,slot,0,type,0
dispatch.c,130,send,task_id,345,core,11,slot,0,type,0
dispatch.c,130,send,task_id,350,core,12,slot,0,type,0
dispatch.c,130,send,task_id,355,core,13,slot,0,type,0
dispatch.c,130,send,task_id,360,core,14,slot,0,type,0
dispatch.c,62,completed,task_id,398,core,0,bitmap,32767
dispatch.c,62,completed,task_id,403,core,1,bitmap,32766
dispatch.c,62,completed,task_id,408,core,2,bitmap,32764
dispatch.c,62,completed,task_id,413,core,3,bitmap,32760
dispatch.c,62,completed,task_id,418,core,4,bitmap,32752
dispatch.c,62,completed,task_id,423,core,5,bitmap,32736
dispatch.c,62,completed,task_id,428,core,6,bitmap,32704
dispatch.c,62,completed,task_id,325,core,7,bitmap,32640
dispatch.c,62,completed,task_id,330,core,8,bitmap,32512
dispatch.c,62,completed,task_id,335,core,9,bitmap,32256
dispatch.c,62,completed,task_id,340,core,10,bitmap,31744
dispatch.c,62,completed,task_id,345,core,11,bitmap,30720
dispatch.c,62,completed,task_id,350,core,12,bitmap,28672
dispatch.c,62,completed,task_id,355,core,13,bitmap,24576
dispatch.c,62,completed,task_id,360,core,14,bitmap,16384
dispatch.c,62,completed,task_id,369,core,0,bitmap,1
dispatch.c,130,send,task_id,374,core,0,slot,0,type,1
dispatch.c,130,send,task_id,379,core,1,slot,0,type,1
dispatch.c,130,send,task_id,384,core,2,slot,0,type,1
dispatch.c,130,send,task_id,472,core,3,slot,0,type,1
dispatch.c,130,send,task_id,477,core,4,slot,0,type,1
dispatch.c,130,send,task_id,482,core,5,slot,0,type,1
dispatch.c,130,send,task_id,487,core,6,slot,0,type,1
dispatch.c,130,send,task_id,492,core,7,slot,0,type,1
dispatch.c,130,send,task_id,497,core,8,slot,0,type,1
dispatch.c,130,send,task_id,502,core,9,slot,0,type,1
dispatch.c,130,send,task_id,365,core,0,slot,0,type,0
dispatch.c,62,completed,task_id,365,core,0,bitmap,1
dispatch.c,62,completed,task_id,374,core,0,bitmap,1023
dispatch.c,62,completed,task_id,379,core,1,bitmap,1022
dispatch.c,62,completed,task_id,384,core,2,bitmap,1020
dispatch.c,62,completed,task_id,472,core,3,bitmap,1016
dispatch.c,62,completed,task_id,477,core,4,bitmap,1008
dispatch.c,62,completed,task_id,482,core,5,bitmap,992
dispatch.c,62,completed,task_id,487,core,6,bitmap,960
dispatch.c,62,completed,task_id,492,core,7,bitmap,896
dispatch.c,62,completed,task_id,497,core,8,bitmap,768
dispatch.c,62,completed,task_id,502,core,9,bitmap,512
dispatch.c,130,send,task_id,507,core,0,slot,0,type,1
dispatch.c,62,completed,task_id,507,core,0,bitmap,1
dispatch.c,130,send,task_id,512,core,0,slot,0,type,1
dispatch.c,130,send,task_id,316,core,1,slot,0,type,1
dispatch.c,130,send,task_id,321,core,2,slot,0,type,1
dispatch.c,130,send,task_id,389,core,3,slot,0,type,1
dispatch.c,130,send,task_id,394,core,4,slot,0,type,1
dispatch.c,130,send,task_id,433,core,0,slot,0,type,0
dispatch.c,130,send,task_id,438,core,1,slot,0,type,0
dispatch.c,130,send,task_id,443,core,2,slot,0,type,0
dispatch.c,130,send,task_id,448,core,3,slot,0,type,0
dispatch.c,130,send,task_id,453,core,4,slot,0,type,0
dispatch.c,130,send,task_id,458,core,5,slot,0,type,0
dispatch.c,130,send,task_id,463,core,6,slot,0,type,0
dispatch.c,130,send,task_id,468,core,7,slot,0,type,0
dispatch.c,62,completed,task_id,433,core,0,bitmap,255
dispatch.c,62,completed,task_id,438,core,1,bitmap,254
dispatch.c,62,completed,task_id,443,core,2,bitmap,252
dispatch.c,62,completed,task_id,448,core,3,bitmap,248
dispatch.c,62,completed,task_id,453,core,4,bitmap,240
dispatch.c,62,completed,task_id,458,core,5,bitmap,224
dispatch.c,62,completed,task_id,463,core,6,bitmap,192
dispatch.c,62,completed,task_id,468,core,7,bitmap,128
dispatch.c,62,completed,task_id,512,core,0,bitmap,31
dispatch.c,62,completed,task_id,316,core,1,bitmap,30
dispatch.c,62,completed,task_id,321,core,2,bitmap,28
dispatch.c,62,completed,task_id,389,core,3,bitmap,24
dispatch.c,62,completed,task_id,394,core,4,bitmap,16
dispatch.c,130,send,task_id,517,core,0,slot,0,type,1
dispatch.c,62,completed,task_id,517,core,0,bitmap,1
dispatch.c,130,send,task_id,522,core,0,slot,0,type,1
dispatch.c,62,completed,task_id,522,core,0,bitmap,1
dispatch.c,130,send,task_id,527,core,0,slot,0,type,1
dispatch.c,62,completed,task_id,527,core,0,bitmap,1
dispatch.c,130,send,task_id,399,core,0,slot,0,type,1
dispatch.c,130,send,task_id,404,core,1,slot,0,type,1
dispatch.c,130,send,task_id,409,core,2,slot,0,type,1
dispatch.c,130,send,task_id,414,core,3,slot,0,type,1
dispatch.c,62,completed,task_id,399,core,0,bitmap,15
dispatch.c,62,completed,task_id,404,core,1,bitmap,14
dispatch.c,62,completed,task_id,409,core,2,bitmap,12
dispatch.c,62,completed,task_id,414,core,3,bitmap,8
dispatch.c,130,send,task_id,419,core,0,slot,0,type,1
dispatch.c,130,send,task_id,424,core,1,slot,0,type,1
dispatch.c,62,completed,task_id,419,core,0,bitmap,3
dispatch.c,62,completed,task_id,424,core,1,bitmap,2
dispatch.c,130,send,task_id,532,core,0,slot,0,type,1
dispatch.c,130,send,task_id,537,core,1,slot,0,type,1
dispatch.c,62,completed,task_id,532,core,0,bitmap,3
dispatch.c,62,completed,task_id,537,core,1,bitmap,2
dispatch.c,130,send,task_id,429,core,0,slot,0,type,1
dispatch.c,130,send,task_id,326,core,1,slot,0,type,1
dispatch.c,130,send,task_id,331,core,2,slot,0,type,1
dispatch.c,130,send,task_id,336,core,3,slot,0,type,1
dispatch.c,130,send,task_id,341,core,4,slot,0,type,1
dispatch.c,130,send,task_id,346,core,5,slot,0,type,1
dispatch.c,130,send,task_id,351,core,6,slot,0,type,1
dispatch.c,130,send,task_id,356,core,7,slot,0,type,1
dispatch.c,130,send,task_id,361,core,8,slot,0,type,1
dispatch.c,62,completed,task_id,429,core,0,bitmap,511
dispatch.c,62,completed,task_id,326,core,1,bitmap,510
dispatch.c,62,completed,task_id,331,core,2,bitmap,508
dispatch.c,62,completed,task_id,336,core,3,bitmap,504
dispatch.c,62,completed,task_id,341,core,4,bitmap,496
dispatch.c,62,completed,task_id,346,core,5,bitmap,480
dispatch.c,62,completed,task_id,351,core,6,bitmap,448
dispatch.c,62,completed,task_id,356,core,7,bitmap,384
dispatch.c,62,completed,task_id,361,core,8,bitmap,256
dispatch.c,130,send,task_id,542,core,0,slot,0,type,1
dispatch.c,62,completed,task_id,542,core,0,bitmap,1
dispatch.c,130,send,task_id,547,core,0,slot,0,type,1
dispatch.c,130,send,task_id,366,core,1,slot,0,type,1
dispatch.c,130,send,task_id,548,core,2,slot,0,type,1
dispatch.c,130,send,task_id,549,core,3,slot,0,type,1
dispatch.c,130,send,task_id,550,core,4,slot,0,type,1
dispatch.c,130,send,task_id,370,core,0,slot,0,type,0
dispatch.c,130,send,task_id,375,core,1,slot,0,type,0
dispatch.c,130,send,task_id,380,core,2,slot,0,type,0
dispatch.c,130,send,task_id,385,core,3,slot,0,type,0
dispatch.c,130,send,task_id,473,core,4,slot,0,type,0
dispatch.c,130,send,task_id,478,core,5,slot,0,type,0
dispatch.c,130,send,task_id,483,core,6,slot,0,type,0
dispatch.c,130,send,task_id,488,core,7,slot,0,type,0
dispatch.c,62,completed,task_id,370,core,0,bitmap,255
dispatch.c,62,completed,task_id,375,core,1,bitmap,254
dispatch.c,62,completed,task_id,380,core,2,bitmap,252
dispatch.c,62,completed,task_id,385,core,3,bitmap,248
dispatch.c,62,completed,task_id,473,core,4,bitmap,240
dispatch.c,62,completed,task_id,478,core,5,bitmap,224
dispatch.c,62,completed,task_id,483,core,6,bitmap,192
dispatch.c,62,completed,task_id,488,core,7,bitmap,128
dispatch.c,62,completed,task_id,547,core,0,bitmap,31
dispatch.c,62,completed,task_id,366,core,1,bitmap,30
dispatch.c,62,completed,task_id,548,core,2,bitmap,28
dispatch.c,62,completed,task_id,549,core,3,bitmap,24
dispatch.c,62,completed,task_id,550,core,4,bitmap,16
dispatch.c,130,send,task_id,551,core,0,slot,0,type,1
dispatch.c,130,send,task_id,552,core,1,slot,0,type,1
dispatch.c,130,send,task_id,553,core,2,slot,0,type,1
dispatch.c,130,send,task_id,554,core,3,slot,0,type,1
dispatch.c,130,send,task_id,555,core,4,slot,0,type,1
dispatch.c,130,send,task_id,556,core,5,slot,0,type,1
dispatch.c,130,send,task_id,493,core,0,slot,0,type,0
dispatch.c,130,send,task_id,498,core,1,slot,0,type,0
dispatch.c,130,send,task_id,503,core,2,slot,0,type,0
dispatch.c,130,send,task_id,508,core,3,slot,0,type,0
dispatch.c,62,completed,task_id,493,core,0,bitmap,15
dispatch.c,62,completed,task_id,498,core,1,bitmap,14
dispatch.c,62,completed,task_id,503,core,2,bitmap,12
dispatch.c,62,completed,task_id,508,core,3,bitmap,8
dispatch.c,62,completed,task_id,551,core,0,bitmap,63
dispatch.c,62,completed,task_id,552,core,1,bitmap,62
dispatch.c,62,completed,task_id,553,core,2,bitmap,60
dispatch.c,62,completed,task_id,554,core,3,bitmap,56
dispatch.c,62,completed,task_id,555,core,4,bitmap,48
dispatch.c,62,completed,task_id,556,core,5,bitmap,32
dispatch.c,130,send,task_id,434,core,0,slot,0,type,1
dispatch.c,130,send,task_id,439,core,1,slot,0,type,1
dispatch.c,62,completed,task_id,434,core,0,bitmap,3
dispatch.c,62,completed,task_id,439,core,1,bitmap,2
dispatch.c,130,send,task_id,444,core,0,slot,0,type,1
dispatch.c,130,send,task_id,449,core,1,slot,0,type,1
dispatch.c,62,completed,task_id,444,core,0,bitmap,3
dispatch.c,62,completed,task_id,449,core,1,bitmap,2
dispatch.c,130,send,task_id,454,core,0,slot,0,type,1
dispatch.c,130,send,task_id,459,core,1,slot,0,type,1
dispatch.c,62,completed,task_id,454,core,0,bitmap,3
dispatch.c,62,completed,task_id,459,core,1,bitmap,2
dispatch.c,130,send,task_id,464,core,0,slot,0,type,1
dispatch.c,130,send,task_id,469,core,1,slot,0,type,1
dispatch.c,130,send,task_id,513,core,0,slot,0,type,0
dispatch.c,62,completed,task_id,513,core,0,bitmap,1
dispatch.c,62,completed,task_id,464,core,0,bitmap,3
dispatch.c,62,completed,task_id,469,core,1,bitmap,2
dispatch.c,130,send,task_id,390,core,0,slot,0,type,0
dispatch.c,62,completed,task_id,390,core,0,bitmap,1
dispatch.c,130,send,task_id,395,core,0,slot,0,type,0
dispatch.c,130,send,task_id,518,core,1,slot,0,type,0
dispatch.c,62,completed,task_id,395,core,0,bitmap,3
dispatch.c,62,completed,task_id,518,core,1,bitmap,2
dispatch.c,130,send,task_id,523,core,0,slot,0,type,0
dispatch.c,62,completed,task_id,523,core,0,bitmap,1
dispatch.c,130,send,task_id,528,core,0,slot,0,type,0
dispatch.c,130,send,task_id,400,core,1,slot,0,type,0
dispatch.c,130,send,task_id,405,core,2,slot,0,type,0
dispatch.c,130,send,task_id,410,core,3,slot,0,type,0
dispatch.c,130,send,task_id,415,core,4,slot,0,type,0
dispatch.c,62,completed,task_id,528,core,0,bitmap,31
dispatch.c,62,completed,task_id,400,core,1,bitmap,30
dispatch.c,62,completed,task_id,405,core,2,bitmap,28
dispatch.c,62,completed,task_id,410,core,3,bitmap,24
dispatch.c,62,completed,task_id,415,core,4,bitmap,16
dispatch.c,130,send,task_id,420,core,0,slot,0,type,0
dispatch.c,130,send,task_id,425,core,1,slot,0,type,0
dispatch.c,130,send,task_id,533,core,2,slot,0,type,0
dispatch.c,130,send,task_id,538,core,3,slot,0,type,0
dispatch.c,130,send,task_id,430,core,4,slot,0,type,0
dispatch.c,130,send,task_id,543,core,5,slot,0,type,0
dispatch.c,62,completed,task_id,420,core,0,bitmap,63
dispatch.c,62,completed,task_id,425,core,1,bitmap,62
dispatch.c,62,completed,task_id,533,core,2,bitmap,60
dispatch.c,62,completed,task_id,538,core,3,bitmap,56
dispatch.c,62,completed,task_id,430,core,4,bitmap,48
dispatch.c,62,completed,task_id,543,core,5,bitmap,32
dispatch.c,130,send,task_id,605,core,0,slot,0,type,1
dispatch.c,130,send,task_id,606,core,1,slot,0,type,1
dispatch.c,130,send,task_id,607,core,2,slot,0,type,1
dispatch.c,62,completed,task_id,605,core,0,bitmap,7
dispatch.c,62,completed,task_id,606,core,1,bitmap,6
dispatch.c,62,completed,task_id,607,core,2,bitmap,4
dispatch.c,130,send,task_id,608,core,0,slot,0,type,1
dispatch.c,130,send,task_id,609,core,1,slot,0,type,1
dispatch.c,62,completed,task_id,608,core,0,bitmap,3
dispatch.c,62,completed,task_id,609,core,1,bitmap,2
dispatch.c,130,send,task_id,610,core,0,slot,0,type,1
dispatch.c,62,completed,task_id,610,core,0,bitmap,1
dispatch.c,130,send,task_id,611,core,0,slot,0,type,1
dispatch.c,62,completed,task_id,611,core,0,bitmap,1
dispatch.c,130,send,task_id,371,core,0,slot,0,type,1
dispatch.c,130,send,task_id,376,core,1,slot,0,type,1
dispatch.c,130,send,task_id,381,core,2,slot,0,type,1
dispatch.c,130,send,task_id,386,core,3,slot,0,type,1
dispatch.c,130,send,task_id,474,core,4,slot,0,type,1
dispatch.c,130,send,task_id,479,core,5,slot,0,type,1
dispatch.c,130,send,task_id,484,core,6,slot,0,type,1
dispatch.c,130,send,task_id,489,core,7,slot,0,type,1
dispatch.c,130,send,task_id,494,core,8,slot,0,type,1
dispatch.c,130,send,task_id,499,core,9,slot,0,type,1
dispatch.c,130,send,task_id,504,core,10,slot,0,type,1
dispatch.c,130,send,task_id,509,core,11,slot,0,type,1
dispatch.c,130,send,task_id,557,core,12,slot,0,type,1
dispatch.c,130,send,task_id,514,core,13,slot,0,type,1
dispatch.c,130,send,task_id,391,core,14,slot,0,type,1
dispatch.c,130,send,task_id,396,core,15,slot,0,type,1
dispatch.c,130,send,task_id,519,core,16,slot,0,type,1
dispatch.c,130,send,task_id,524,core,17,slot,0,type,1
dispatch.c,130,send,task_id,435,core,0,slot,0,type,0
dispatch.c,130,send,task_id,440,core,1,slot,0,type,0
dispatch.c,130,send,task_id,445,core,2,slot,0,type,0
dispatch.c,130,send,task_id,450,core,3,slot,0,type,0
dispatch.c,130,send,task_id,455,core,4,slot,0,type,0
dispatch.c,130,send,task_id,460,core,5,slot,0,type,0
dispatch.c,130,send,task_id,465,core,6,slot,0,type,0
dispatch.c,130,send,task_id,470,core,7,slot,0,type,0
dispatch.c,62,completed,task_id,435,core,0,bitmap,255
dispatch.c,62,completed,task_id,440,core,1,bitmap,254
dispatch.c,62,completed,task_id,445,core,2,bitmap,252
dispatch.c,62,completed,task_id,450,core,3,bitmap,248
dispatch.c,62,completed,task_id,455,core,4,bitmap,240
dispatch.c,62,completed,task_id,460,core,5,bitmap,224
dispatch.c,62,completed,task_id,465,core,6,bitmap,192
dispatch.c,62,completed,task_id,470,core,7,bitmap,128
dispatch.c,62,completed,task_id,371,core,0,bitmap,262143
dispatch.c,62,completed,task_id,376,core,1,bitmap,262142
dispatch.c,62,completed,task_id,381,core,2,bitmap,262140
dispatch.c,62,completed,task_id,386,core,3,bitmap,262136
dispatch.c,62,completed,task_id,474,core,4,bitmap,262128
dispatch.c,62,completed,task_id,479,core,5,bitmap,262112
dispatch.c,62,completed,task_id,484,core,6,bitmap,262080
dispatch.c,62,completed,task_id,489,core,7,bitmap,262016
dispatch.c,62,completed,task_id,494,core,8,bitmap,261888
dispatch.c,62,completed,task_id,499,core,9,bitmap,261632
dispatch.c,62,completed,task_id,504,core,10,bitmap,261120
dispatch.c,62,completed,task_id,509,core,11,bitmap,260096
dispatch.c,62,completed,task_id,557,core,12,bitmap,258048
dispatch.c,62,completed,task_id,514,core,13,bitmap,253952
dispatch.c,62,completed,task_id,391,core,14,bitmap,245760
dispatch.c,62,completed,task_id,396,core,15,bitmap,229376
dispatch.c,62,completed,task_id,519,core,16,bitmap,196608
dispatch.c,62,completed,task_id,524,core,17,bitmap,131072
dispatch.c,130,send,task_id,612,core,0,slot,0,type,1
dispatch.c,130,send,task_id,529,core,1,slot,0,type,1
dispatch.c,130,send,task_id,401,core,2,slot,0,type,1
dispatch.c,130,send,task_id,406,core,3,slot,0,type,1
dispatch.c,130,send,task_id,411,core,4,slot,0,type,1
dispatch.c,130,send,task_id,416,core,5,slot,0,type,1
dispatch.c,130,send,task_id,421,core,6,slot,0,type,1
dispatch.c,130,send,task_id,426,core,7,slot,0,type,1
dispatch.c,130,send,task_id,534,core,8,slot,0,type,1
dispatch.c,130,send,task_id,539,core,9,slot,0,type,1
dispatch.c,130,send,task_id,431,core,10,slot,0,type,1
dispatch.c,130,send,task_id,544,core,11,slot,0,type,1
dispatch.c,62,completed,task_id,612,core,0,bitmap,4095
dispatch.c,62,completed,task_id,529,core,1,bitmap,4094
dispatch.c,62,completed,task_id,401,core,2,bitmap,4092
dispatch.c,62,completed,task_id,406,core,3,bitmap,4088
dispatch.c,62,completed,task_id,411,core,4,bitmap,4080
dispatch.c,62,completed,task_id,416,core,5,bitmap,4064
dispatch.c,62,completed,task_id,421,core,6,bitmap,4032
dispatch.c,62,completed,task_id,426,core,7,bitmap,3968
dispatch.c,62,completed,task_id,534,core,8,bitmap,3840
dispatch.c,62,completed,task_id,539,core,9,bitmap,3584
dispatch.c,62,completed,task_id,431,core,10,bitmap,3072
dispatch.c,62,completed,task_id,544,core,11,bitmap,2048
dispatch.c,130,send,task_id,613,core,0,slot,0,type,1
dispatch.c,130,send,task_id,614,core,1,slot,0,type,1
dispatch.c,62,completed,task_id,613,core,0,bitmap,3
dispatch.c,62,completed,task_id,614,core,1,bitmap,2
dispatch.c,130,send,task_id,436,core,0,slot,0,type,1
dispatch.c,130,send,task_id,441,core,1,slot,0,type,1
dispatch.c,62,completed,task_id,436,core,0,bitmap,3
dispatch.c,62,completed,task_id,441,core,1,bitmap,2
dispatch.c,130,send,task_id,446,core,0,slot,0,type,1
dispatch.c,130,send,task_id,451,core,1,slot,0,type,1
dispatch.c,62,completed,task_id,446,core,0,bitmap,3
dispatch.c,62,completed,task_id,451,core,1,bitmap,2
dispatch.c,130,send,task_id,456,core,0,slot,0,type,1
dispatch.c,130,send,task_id,461,core,1,slot,0,type,1
dispatch.c,62,completed,task_id,456,core,0,bitmap,3
dispatch.c,62,completed,task_id,461,core,1,bitmap,2
dispatch.c,130,send,task_id,466,core,0,slot,0,type,1
dispatch.c,130,send,task_id,471,core,1,slot,0,type,1
dispatch.c,130,send,task_id,475,core,0,slot,0,type,0
dispatch.c,130,send,task_id,480,core,1,slot,0,type,0
dispatch.c,130,send,task_id,485,core,2,slot,0,type,0
dispatch.c,130,send,task_id,490,core,3,slot,0,type,0
dispatch.c,130,send,task_id,495,core,4,slot,0,type,0
dispatch.c,130,send,task_id,500,core,5,slot,0,type,0
dispatch.c,130,send,task_id,505,core,6,slot,0,type,0
dispatch.c,62,completed,task_id,475,core,0,bitmap,127
dispatch.c,62,completed,task_id,480,core,1,bitmap,126
dispatch.c,62,completed,task_id,485,core,2,bitmap,124
dispatch.c,62,completed,task_id,490,core,3,bitmap,120
dispatch.c,62,completed,task_id,495,core,4,bitmap,112
dispatch.c,62,completed,task_id,500,core,5,bitmap,96
dispatch.c,62,completed,task_id,505,core,6,bitmap,64
dispatch.c,62,completed,task_id,466,core,0,bitmap,3
dispatch.c,62,completed,task_id,471,core,1,bitmap,2
dispatch.c,130,send,task_id,510,core,0,slot,0,type,0
dispatch.c,62,completed,task_id,510,core,0,bitmap,1
dispatch.c,130,send,task_id,558,core,0,slot,0,type,0
dispatch.c,130,send,task_id,559,core,1,slot,0,type,0
dispatch.c,130,send,task_id,561,core,2,slot,0,type,0
dispatch.c,130,send,task_id,562,core,3,slot,0,type,0
dispatch.c,130,send,task_id,564,core,4,slot,0,type,0
dispatch.c,130,send,task_id,565,core,5,slot,0,type,0
dispatch.c,130,send,task_id,567,core,6,slot,0,type,0
dispatch.c,130,send,task_id,568,core,7,slot,0,type,0
dispatch.c,130,send,task_id,570,core,8,slot,0,type,0
dispatch.c,130,send,task_id,571,core,9,slot,0,type,0
dispatch.c,130,send,task_id,573,core,10,slot,0,type,0
dispatch.c,130,send,task_id,574,core,11,slot,0,type,0
dispatch.c,130,send,task_id,576,core,12,slot,0,type,0
dispatch.c,130,send,task_id,577,core,13,slot,0,type,0
dispatch.c,130,send,task_id,579,core,14,slot,0,type,0
dispatch.c,130,send,task_id,580,core,15,slot,0,type,0
dispatch.c,130,send,task_id,582,core,16,slot,0,type,0
dispatch.c,130,send,task_id,583,core,17,slot,0,type,0
dispatch.c,62,completed,task_id,558,core,0,bitmap,262143
dispatch.c,62,completed,task_id,559,core,1,bitmap,262142
dispatch.c,62,completed,task_id,561,core,2,bitmap,262140
dispatch.c,62,completed,task_id,562,core,3,bitmap,262136
dispatch.c,62,completed,task_id,564,core,4,bitmap,262128
dispatch.c,62,completed,task_id,565,core,5,bitmap,262112
dispatch.c,62,completed,task_id,567,core,6,bitmap,262080
dispatch.c,62,completed,task_id,568,core,7,bitmap,262016
dispatch.c,62,completed,task_id,570,core,8,bitmap,261888
dispatch.c,62,completed,task_id,571,core,9,bitmap,261632
dispatch.c,62,completed,task_id,573,core,10,bitmap,261120
dispatch.c,62,completed,task_id,574,core,11,bitmap,260096
dispatch.c,62,completed,task_id,576,core,12,bitmap,258048
dispatch.c,62,completed,task_id,577,core,13,bitmap,253952
dispatch.c,62,completed,task_id,579,core,14,bitmap,245760
dispatch.c,62,completed,task_id,580,core,15,bitmap,229376
dispatch.c,62,completed,task_id,582,core,16,bitmap,196608
dispatch.c,62,completed,task_id,583,core,17,bitmap,131072
dispatch.c,130,send,task_id,615,core,0,slot,0,type,1
dispatch.c,130,send,task_id,476,core,1,slot,0,type,1
dispatch.c,130,send,task_id,481,core,2,slot,0,type,1
dispatch.c,130,send,task_id,486,core,3,slot,0,type,1
dispatch.c,130,send,task_id,491,core,4,slot,0,type,1
dispatch.c,130,send,task_id,496,core,5,slot,0,type,1
dispatch.c,130,send,task_id,501,core,6,slot,0,type,1
dispatch.c,130,send,task_id,506,core,7,slot,0,type,1
dispatch.c,130,send,task_id,511,core,8,slot,0,type,1
dispatch.c,130,send,task_id,515,core,0,slot,0,type,0
dispatch.c,130,send,task_id,520,core,1,slot,0,type,0
dispatch.c,130,send,task_id,525,core,2,slot,0,type,0
dispatch.c,130,send,task_id,530,core,3,slot,0,type,0
dispatch.c,130,send,task_id,535,core,4,slot,0,type,0
dispatch.c,130,send,task_id,540,core,5,slot,0,type,0
dispatch.c,130,send,task_id,545,core,6,slot,0,type,0
dispatch.c,62,completed,task_id,515,core,0,bitmap,127
dispatch.c,62,completed,task_id,520,core,1,bitmap,126
dispatch.c,62,completed,task_id,525,core,2,bitmap,124
dispatch.c,62,completed,task_id,530,core,3,bitmap,120
dispatch.c,62,completed,task_id,535,core,4,bitmap,112
dispatch.c,62,completed,task_id,540,core,5,bitmap,96
dispatch.c,62,completed,task_id,545,core,6,bitmap,64
dispatch.c,62,completed,task_id,615,core,0,bitmap,511
dispatch.c,62,completed,task_id,476,core,1,bitmap,510
dispatch.c,62,completed,task_id,481,core,2,bitmap,508
dispatch.c,62,completed,task_id,486,core,3,bitmap,504
dispatch.c,62,completed,task_id,491,core,4,bitmap,496
dispatch.c,62,completed,task_id,496,core,5,bitmap,480
dispatch.c,62,completed,task_id,501,core,6,bitmap,448
dispatch.c,62,completed,task_id,506,core,7,bitmap,384
dispatch.c,62,completed,task_id,511,core,8,bitmap,256
dispatch.c,130,send,task_id,560,core,0,slot,0,type,1
dispatch.c,130,send,task_id,563,core,1,slot,0,type,1
dispatch.c,130,send,task_id,566,core,2,slot,0,type,1
dispatch.c,130,send,task_id,569,core,3,slot,0,type,1
dispatch.c,130,send,task_id,572,core,4,slot,0,type,1
dispatch.c,130,send,task_id,575,core,5,slot,0,type,1
dispatch.c,130,send,task_id,578,core,6,slot,0,type,1
dispatch.c,130,send,task_id,581,core,7,slot,0,type,1
dispatch.c,130,send,task_id,584,core,8,slot,0,type,1
dispatch.c,130,send,task_id,663,core,9,slot,0,type,1
dispatch.c,130,send,task_id,664,core,10,slot,0,type,1
dispatch.c,130,send,task_id,665,core,11,slot,0,type,1
dispatch.c,130,send,task_id,666,core,12,slot,0,type,1
dispatch.c,130,send,task_id,667,core,13,slot,0,type,1
dispatch.c,130,send,task_id,668,core,14,slot,0,type,1
dispatch.c,130,send,task_id,669,core,15,slot,0,type,1
dispatch.c,130,send,task_id,670,core,16,slot,0,type,1
dispatch.c,130,send,task_id,671,core,17,slot,0,type,1
dispatch.c,130,send,task_id,672,core,18,slot,0,type,1
dispatch.c,62,completed,task_id,560,core,0,bitmap,524287
dispatch.c,62,completed,task_id,563,core,1,bitmap,524286
dispatch.c,62,completed,task_id,566,core,2,bitmap,524284
dispatch.c,62,completed,task_id,569,core,3,bitmap,524280
dispatch.c,62,completed,task_id,572,core,4,bitmap,524272
dispatch.c,62,completed,task_id,575,core,5,bitmap,524256
dispatch.c,62,completed,task_id,578,core,6,bitmap,524224
dispatch.c,62,completed,task_id,581,core,7,bitmap,524160
dispatch.c,62,completed,task_id,584,core,8,bitmap,524032
dispatch.c,62,completed,task_id,663,core,9,bitmap,523776
dispatch.c,62,completed,task_id,664,core,10,bitmap,523264
dispatch.c,62,completed,task_id,665,core,11,bitmap,522240
dispatch.c,62,completed,task_id,666,core,12,bitmap,520192
dispatch.c,62,completed,task_id,667,core,13,bitmap,516096
dispatch.c,62,completed,task_id,668,core,14,bitmap,507904
dispatch.c,62,completed,task_id,669,core,15,bitmap,491520
dispatch.c,62,completed,task_id,670,core,16,bitmap,458752
dispatch.c,62,completed,task_id,671,core,17,bitmap,393216
dispatch.c,62,completed,task_id,672,core,18,bitmap,262144
dispatch.c,130,send,task_id,516,core,0,slot,0,type,1
dispatch.c,130,send,task_id,521,core,1,slot,0,type,1
dispatch.c,130,send,task_id,526,core,2,slot,0,type,1
dispatch.c,130,send,task_id,531,core,3,slot,0,type,1
dispatch.c,130,send,task_id,536,core,4,slot,0,type,1
dispatch.c,130,send,task_id,541,core,5,slot,0,type,1
dispatch.c,62,completed,task_id,516,core,0,bitmap,63
dispatch.c,62,completed,task_id,521,core,1,bitmap,62
dispatch.c,62,completed,task_id,526,core,2,bitmap,60
dispatch.c,62,completed,task_id,531,core,3,bitmap,56
dispatch.c,62,completed,task_id,536,core,4,bitmap,48
dispatch.c,62,completed,task_id,541,core,5,bitmap,32
dispatch.c,130,send,task_id,546,core,0,slot,0,type,1
dispatch.c,62,completed,task_id,546,core,0,bitmap,1
dispatch.c,130,send,task_id,616,core,0,slot,0,type,0
dispatch.c,62,completed,task_id,616,core,0,bitmap,1
dispatch.c,130,send,task_id,617,core,0,slot,0,type,0
dispatch.c,130,send,task_id,619,core,1,slot,0,type,0
dispatch.c,130,send,task_id,620,core,2,slot,0,type,0
dispatch.c,62,completed,task_id,617,core,0,bitmap,7
dispatch.c,62,completed,task_id,619,core,1,bitmap,6
dispatch.c,62,completed,task_id,620,core,2,bitmap,4
dispatch.c,130,send,task_id,622,core,0,slot,0,type,0
dispatch.c,62,completed,task_id,622,core,0,bitmap,1
dispatch.c,130,send,task_id,623,core,0,slot,0,type,0
dispatch.c,130,send,task_id,625,core,1,slot,0,type,0
dispatch.c,130,send,task_id,626,core,2,slot,0,type,0
dispatch.c,130,send,task_id,628,core,3,slot,0,type,0
dispatch.c,130,send,task_id,629,core,4,slot,0,type,0
dispatch.c,130,send,task_id,631,core,5,slot,0,type,0
dispatch.c,62,completed,task_id,623,core,0,bitmap,63
dispatch.c,62,completed,task_id,625,core,1,bitmap,62
dispatch.c,62,completed,task_id,626,core,2,bitmap,60
dispatch.c,62,completed,task_id,628,core,3,bitmap,56
dispatch.c,62,completed,task_id,629,core,4,bitmap,48
dispatch.c,62,completed,task_id,631,core,5,bitmap,32
dispatch.c,130,send,task_id,632,core,0,slot,0,type,0
dispatch.c,130,send,task_id,634,core,1,slot,0,type,0
dispatch.c,130,send,task_id,635,core,2,slot,0,type,0
dispatch.c,130,send,task_id,637,core,3,slot,0,type,0
dispatch.c,130,send,task_id,638,core,4,slot,0,type,0
dispatch.c,130,send,task_id,640,core,5,slot,0,type,0
dispatch.c,130,send,task_id,641,core,6,slot,0,type,0
dispatch.c,62,completed,task_id,632,core,0,bitmap,127
dispatch.c,62,completed,task_id,634,core,1,bitmap,126
dispatch.c,62,completed,task_id,635,core,2,bitmap,124
dispatch.c,62,completed,task_id,637,core,3,bitmap,120
dispatch.c,62,completed,task_id,638,core,4,bitmap,112
dispatch.c,62,completed,task_id,640,core,5,bitmap,96
dispatch.c,62,completed,task_id,641,core,6,bitmap,64
dispatch.c,130,send,task_id,585,core,0,slot,0,type,0
dispatch.c,62,completed,task_id,585,core,0,bitmap,1
dispatch.c,130,send,task_id,587,core,0,slot,0,type,0
dispatch.c,130,send,task_id,589,core,1,slot,0,type,0
dispatch.c,130,send,task_id,591,core,2,slot,0,type,0
dispatch.c,130,send,task_id,593,core,3,slot,0,type,0
dispatch.c,130,send,task_id,595,core,4,slot,0,type,0
dispatch.c,130,send,task_id,597,core,5,slot,0,type,0
dispatch.c,130,send,task_id,599,core,6,slot,0,type,0
dispatch.c,130,send,task_id,601,core,7,slot,0,type,0
dispatch.c,62,completed,task_id,587,core,0,bitmap,255
dispatch.c,62,completed,task_id,589,core,1,bitmap,254
dispatch.c,62,completed,task_id,591,core,2,bitmap,252
dispatch.c,62,completed,task_id,593,core,3,bitmap,248
dispatch.c,62,completed,task_id,595,core,4,bitmap,240
dispatch.c,62,completed,task_id,597,core,5,bitmap,224
dispatch.c,62,completed,task_id,599,core,6,bitmap,192
dispatch.c,62,completed,task_id,601,core,7,bitmap,128
dispatch.c,130,send,task_id,673,core,0,slot,0,type,1
dispatch.c,130,send,task_id,618,core,1,slot,0,type,1
dispatch.c,130,send,task_id,621,core,2,slot,0,type,1
dispatch.c,130,send,task_id,721,core,3,slot,0,type,1
dispatch.c,130,send,task_id,722,core,4,slot,0,type,1
dispatch.c,130,send,task_id,723,core,5,slot,0,type,1
dispatch.c,130,send,task_id,603,core,0,slot,0,type,0
dispatch.c,62,completed,task_id,603,core,0,bitmap,1
dispatch.c,62,completed,task_id,673,core,0,bitmap,63
dispatch.c,62,completed,task_id,618,core,1,bitmap,62
dispatch.c,62,completed,task_id,621,core,2,bitmap,60
dispatch.c,62,completed,task_id,721,core,3,bitmap,56
dispatch.c,62,completed,task_id,722,core,4,bitmap,48
dispatch.c,62,completed,task_id,723,core,5,bitmap,32
dispatch.c,130,send,task_id,724,core,0,slot,0,type,1
dispatch.c,130,send,task_id,624,core,1,slot,0,type,1
dispatch.c,130,send,task_id,627,core,2,slot,0,type,1
dispatch.c,130,send,task_id,630,core,3,slot,0,type,1
dispatch.c,130,send,task_id,633,core,4,slot,0,type,1
dispatch.c,130,send,task_id,636,core,5,slot,0,type,1
dispatch.c,130,send,task_id,639,core,6,slot,0,type,1
dispatch.c,130,send,task_id,642,core,7,slot,0,type,1
dispatch.c,130,send,task_id,586,core,8,slot,0,type,1
dispatch.c,130,send,task_id,725,core,9,slot,0,type,1
dispatch.c,130,send,task_id,726,core,10,slot,0,type,1
dispatch.c,130,send,task_id,727,core,11,slot,0,type,1
dispatch.c,130,send,task_id,728,core,12,slot,0,type,1
dispatch.c,130,send,task_id,729,core,13,slot,0,type,1
dispatch.c,130,send,task_id,730,core,14,slot,0,type,1
dispatch.c,62,completed,task_id,724,core,0,bitmap,32767
dispatch.c,62,completed,task_id,624,core,1,bitmap,32766
dispatch.c,62,completed,task_id,627,core,2,bitmap,32764
dispatch.c,62,completed,task_id,630,core,3,bitmap,32760
dispatch.c,62,completed,task_id,633,core,4,bitmap,32752
dispatch.c,62,completed,task_id,636,core,5,bitmap,32736
dispatch.c,62,completed,task_id,639,core,6,bitmap,32704
dispatch.c,62,completed,task_id,642,core,7,bitmap,32640
dispatch.c,62,completed,task_id,586,core,8,bitmap,32512
dispatch.c,62,completed,task_id,725,core,9,bitmap,32256
dispatch.c,62,completed,task_id,726,core,10,bitmap,31744
dispatch.c,62,completed,task_id,727,core,11,bitmap,30720
dispatch.c,62,completed,task_id,728,core,12,bitmap,28672
dispatch.c,62,completed,task_id,729,core,13,bitmap,24576
dispatch.c,62,completed,task_id,730,core,14,bitmap,16384
dispatch.c,130,send,task_id,588,core,0,slot,0,type,1
dispatch.c,130,send,task_id,590,core,1,slot,0,type,1
dispatch.c,130,send,task_id,592,core,2,slot,0,type,1
dispatch.c,130,send,task_id,594,core,3,slot,0,type,1
dispatch.c,130,send,task_id,596,core,4,slot,0,type,1
dispatch.c,130,send,task_id,598,core,5,slot,0,type,1
dispatch.c,130,send,task_id,600,core,6,slot,0,type,1
dispatch.c,130,send,task_id,602,core,7,slot,0,type,1
dispatch.c,130,send,task_id,604,core,8,slot,0,type,1
dispatch.c,130,send,task_id,674,core,0,slot,0,type,0
dispatch.c,130,send,task_id,675,core,1,slot,0,type,0
dispatch.c,130,send,task_id,677,core,2,slot,0,type,0
dispatch.c,130,send,task_id,678,core,3,slot,0,type,0
dispatch.c,130,send,task_id,680,core,4,slot,0,type,0
dispatch.c,130,send,task_id,681,core,5,slot,0,type,0
dispatch.c,62,completed,task_id,674,core,0,bitmap,63
dispatch.c,62,completed,task_id,675,core,1,bitmap,62
dispatch.c,62,completed,task_id,677,core,2,bitmap,60
dispatch.c,62,completed,task_id,678,core,3,bitmap,56
dispatch.c,62,completed,task_id,680,core,4,bitmap,48
dispatch.c,62,completed,task_id,681,core,5,bitmap,32
dispatch.c,62,completed,task_id,588,core,0,bitmap,511
dispatch.c,62,completed,task_id,590,core,1,bitmap,510
dispatch.c,62,completed,task_id,592,core,2,bitmap,508
dispatch.c,62,completed,task_id,594,core,3,bitmap,504
dispatch.c,62,completed,task_id,596,core,4,bitmap,496
dispatch.c,62,completed,task_id,598,core,5,bitmap,480
dispatch.c,62,completed,task_id,600,core,6,bitmap,448
dispatch.c,62,completed,task_id,602,core,7,bitmap,384
dispatch.c,62,completed,task_id,604,core,8,bitmap,256
dispatch.c,130,send,task_id,683,core,0,slot,0,type,0
dispatch.c,130,send,task_id,684,core,1,slot,0,type,0
dispatch.c,130,send,task_id,686,core,2,slot,0,type,0
dispatch.c,130,send,task_id,687,core,3,slot,0,type,0
dispatch.c,130,send,task_id,689,core,4,slot,0,type,0
dispatch.c,130,send,task_id,690,core,5,slot,0,type,0
dispatch.c,130,send,task_id,692,core,6,slot,0,type,0
dispatch.c,130,send,task_id,693,core,7,slot,0,type,0
dispatch.c,130,send,task_id,695,core,8,slot,0,type,0
dispatch.c,130,send,task_id,696,core,9,slot,0,type,0
dispatch.c,130,send,task_id,698,core,10,slot,0,type,0
dispatch.c,130,send,task_id,699,core,11,slot,0,type,0
dispatch.c,62,completed,task_id,683,core,0,bitmap,4095
dispatch.c,62,completed,task_id,684,core,1,bitmap,4094
dispatch.c,62,completed,task_id,686,core,2,bitmap,4092
dispatch.c,62,completed,task_id,687,core,3,bitmap,4088
dispatch.c,62,completed,task_id,689,core,4,bitmap,4080
dispatch.c,62,completed,task_id,690,core,5,bitmap,4064
dispatch.c,62,completed,task_id,692,core,6,bitmap,4032
dispatch.c,62,completed,task_id,693,core,7,bitmap,3968
dispatch.c,62,completed,task_id,695,core,8,bitmap,3840
dispatch.c,62,completed,task_id,696,core,9,bitmap,3584
dispatch.c,62,completed,task_id,698,core,10,bitmap,3072
dispatch.c,62,completed,task_id,699,core,11,bitmap,2048
dispatch.c,130,send,task_id,643,core,0,slot,0,type,0
dispatch.c,62,completed,task_id,643,core,0,bitmap,1
dispatch.c,130,send,task_id,645,core,0,slot,0,type,0
dispatch.c,130,send,task_id,647,core,1,slot,0,type,0
dispatch.c,62,completed,task_id,645,core,0,bitmap,3
dispatch.c,62,completed,task_id,647,core,1,bitmap,2
dispatch.c,130,send,task_id,649,core,0,slot,0,type,0
dispatch.c,62,completed,task_id,649,core,0,bitmap,1
dispatch.c,130,send,task_id,731,core,0,slot,0,type,1
dispatch.c,130,send,task_id,651,core,0,slot,0,type,0
dispatch.c,130,send,task_id,653,core,1,slot,0,type,0
dispatch.c,130,send,task_id,655,core,2,slot,0,type,0
dispatch.c,130,send,task_id,657,core,3,slot,0,type,0
dispatch.c,130,send,task_id,659,core,4,slot,0,type,0
dispatch.c,130,send,task_id,661,core,5,slot,0,type,0
dispatch.c,62,completed,task_id,651,core,0,bitmap,63
dispatch.c,62,completed,task_id,653,core,1,bitmap,62
dispatch.c,62,completed,task_id,655,core,2,bitmap,60
dispatch.c,62,completed,task_id,657,core,3,bitmap,56
dispatch.c,62,completed,task_id,659,core,4,bitmap,48
dispatch.c,62,completed,task_id,661,core,5,bitmap,32
dispatch.c,62,completed,task_id,731,core,0,bitmap,1
dispatch.c,130,send,task_id,676,core,0,slot,0,type,1
dispatch.c,130,send,task_id,679,core,1,slot,0,type,1
dispatch.c,130,send,task_id,682,core,2,slot,0,type,1
dispatch.c,130,send,task_id,685,core,3,slot,0,type,1
dispatch.c,130,send,task_id,688,core,4,slot,0,type,1
dispatch.c,130,send,task_id,691,core,5,slot,0,type,1
dispatch.c,130,send,task_id,694,core,6,slot,0,type,1
dispatch.c,130,send,task_id,697,core,7,slot,0,type,1
dispatch.c,130,send,task_id,700,core,8,slot,0,type,1
dispatch.c,62,completed,task_id,676,core,0,bitmap,511
dispatch.c,62,completed,task_id,679,core,1,bitmap,510
dispatch.c,62,completed,task_id,682,core,2,bitmap,508
dispatch.c,62,completed,task_id,685,core,3,bitmap,504
dispatch.c,62,completed,task_id,688,core,4,bitmap,496
dispatch.c,62,completed,task_id,691,core,5,bitmap,480
dispatch.c,62,completed,task_id,694,core,6,bitmap,448
dispatch.c,62,completed,task_id,697,core,7,bitmap,384
dispatch.c,62,completed,task_id,700,core,8,bitmap,256
dispatch.c,130,send,task_id,644,core,0,slot,0,type,1
dispatch.c,130,send,task_id,646,core,1,slot,0,type,1
dispatch.c,130,send,task_id,648,core,2,slot,0,type,1
dispatch.c,62,completed,task_id,644,core,0,bitmap,7
dispatch.c,62,completed,task_id,646,core,1,bitmap,6
dispatch.c,62,completed,task_id,648,core,2,bitmap,4
dispatch.c,130,send,task_id,650,core,0,slot,0,type,1
dispatch.c,130,send,task_id,652,core,1,slot,0,type,1
dispatch.c,130,send,task_id,654,core,2,slot,0,type,1
dispatch.c,130,send,task_id,656,core,3,slot,0,type,1
dispatch.c,130,send,task_id,658,core,4,slot,0,type,1
dispatch.c,130,send,task_id,660,core,5,slot,0,type,1
dispatch.c,130,send,task_id,662,core,6,slot,0,type,1
dispatch.c,130,send,task_id,732,core,0,slot,0,type,0
dispatch.c,130,send,task_id,733,core,1,slot,0,type,0
dispatch.c,130,send,task_id,735,core,2,slot,0,type,0
dispatch.c,130,send,task_id,736,core,3,slot,0,type,0
dispatch.c,130,send,task_id,738,core,4,slot,0,type,0
dispatch.c,130,send,task_id,739,core,5,slot,0,type,0
dispatch.c,62,completed,task_id,732,core,0,bitmap,63
dispatch.c,62,completed,task_id,733,core,1,bitmap,62
dispatch.c,62,completed,task_id,735,core,2,bitmap,60
dispatch.c,62,completed,task_id,736,core,3,bitmap,56
dispatch.c,62,completed,task_id,738,core,4,bitmap,48
dispatch.c,62,completed,task_id,739,core,5,bitmap,32
dispatch.c,62,completed,task_id,650,core,0,bitmap,127
dispatch.c,62,completed,task_id,652,core,1,bitmap,126
dispatch.c,62,completed,task_id,654,core,2,bitmap,124
dispatch.c,62,completed,task_id,656,core,3,bitmap,120
dispatch.c,62,completed,task_id,658,core,4,bitmap,112
dispatch.c,62,completed,task_id,660,core,5,bitmap,96
dispatch.c,62,completed,task_id,662,core,6,bitmap,64
dispatch.c,130,send,task_id,741,core,0,slot,0,type,0
dispatch.c,130,send,task_id,742,core,1,slot,0,type,0
dispatch.c,130,send,task_id,744,core,2,slot,0,type,0
dispatch.c,62,completed,task_id,741,core,0,bitmap,7
dispatch.c,62,completed,task_id,742,core,1,bitmap,6
dispatch.c,62,completed,task_id,744,core,2,bitmap,4
dispatch.c,130,send,task_id,745,core,0,slot,0,type,0
dispatch.c,130,send,task_id,747,core,1,slot,0,type,0
dispatch.c,130,send,task_id,748,core,2,slot,0,type,0
dispatch.c,130,send,task_id,750,core,3,slot,0,type,0
dispatch.c,130,send,task_id,751,core,4,slot,0,type,0
dispatch.c,130,send,task_id,753,core,5,slot,0,type,0
dispatch.c,62,completed,task_id,745,core,0,bitmap,63
dispatch.c,62,completed,task_id,747,core,1,bitmap,62
dispatch.c,62,completed,task_id,748,core,2,bitmap,60
dispatch.c,62,completed,task_id,750,core,3,bitmap,56
dispatch.c,62,completed,task_id,751,core,4,bitmap,48
dispatch.c,62,completed,task_id,753,core,5,bitmap,32
dispatch.c,130,send,task_id,754,core,0,slot,0,type,0
dispatch.c,62,completed,task_id,754,core,0,bitmap,1
dispatch.c,130,send,task_id,756,core,0,slot,0,type,0
dispatch.c,130,send,task_id,757,core,1,slot,0,type,0
dispatch.c,130,send,task_id,701,core,2,slot,0,type,0
dispatch.c,130,send,task_id,703,core,3,slot,0,type,0
dispatch.c,130,send,task_id,705,core,4,slot,0,type,0
dispatch.c,130,send,task_id,707,core,5,slot,0,type,0
dispatch.c,130,send,task_id,709,core,6,slot,0,type,0
dispatch.c,130,send,task_id,711,core,7,slot,0,type,0
dispatch.c,130,send,task_id,713,core,8,slot,0,type,0
dispatch.c,130,send,task_id,715,core,9,slot,0,type,0
dispatch.c,130,send,task_id,717,core,10,slot,0,type,0
dispatch.c,62,completed,task_id,756,core,0,bitmap,2047
dispatch.c,62,completed,task_id,757,core,1,bitmap,2046
dispatch.c,62,completed,task_id,701,core,2,bitmap,2044
dispatch.c,62,completed,task_id,703,core,3,bitmap,2040
dispatch.c,62,completed,task_id,705,core,4,bitmap,2032
dispatch.c,62,completed,task_id,707,core,5,bitmap,2016
dispatch.c,62,completed,task_id,709,core,6,bitmap,1984
dispatch.c,62,completed,task_id,711,core,7,bitmap,1920
dispatch.c,62,completed,task_id,713,core,8,bitmap,1792
dispatch.c,62,completed,task_id,715,core,9,bitmap,1536
dispatch.c,62,completed,task_id,717,core,10,bitmap,1024
dispatch.c,130,send,task_id,779,core,0,slot,0,type,1
dispatch.c,130,send,task_id,719,core,0,slot,0,type,0
dispatch.c,62,completed,task_id,719,core,0,bitmap,1
dispatch.c,62,completed,task_id,779,core,0,bitmap,1
dispatch.c,130,send,task_id,780,core,0,slot,0,type,1
dispatch.c,130,send,task_id,781,core,1,slot,0,type,1
dispatch.c,130,send,task_id,782,core,2,slot,0,type,1
dispatch.c,62,completed,task_id,780,core,0,bitmap,7
dispatch.c,62,completed,task_id,781,core,1,bitmap,6
dispatch.c,62,completed,task_id,782,core,2,bitmap,4
dispatch.c,130,send,task_id,734,core,0,slot,0,type,1
dispatch.c,130,send,task_id,737,core,1,slot,0,type,1
dispatch.c,130,send,task_id,740,core,2,slot,0,type,1
dispatch.c,130,send,task_id,743,core,3,slot,0,type,1
dispatch.c,130,send,task_id,746,core,4,slot,0,type,1
dispatch.c,62,completed,task_id,734,core,0,bitmap,31
dispatch.c,62,completed,task_id,737,core,1,bitmap,30
dispatch.c,62,completed,task_id,740,core,2,bitmap,28
dispatch.c,62,completed,task_id,743,core,3,bitmap,24
dispatch.c,62,completed,task_id,746,core,4,bitmap,16
dispatch.c,130,send,task_id,783,core,0,slot,0,type,1
dispatch.c,130,send,task_id,784,core,1,slot,0,type,1
dispatch.c,130,send,task_id,785,core,2,slot,0,type,1
dispatch.c,130,send,task_id,786,core,3,slot,0,type,1
dispatch.c,62,completed,task_id,783,core,0,bitmap,15
dispatch.c,62,completed,task_id,784,core,1,bitmap,14
dispatch.c,62,completed,task_id,785,core,2,bitmap,12
dispatch.c,62,completed,task_id,786,core,3,bitmap,8
dispatch.c,130,send,task_id,787,core,0,slot,0,type,1
dispatch.c,130,send,task_id,788,core,1,slot,0,type,1
dispatch.c,130,send,task_id,749,core,2,slot,0,type,1
dispatch.c,130,send,task_id,752,core,3,slot,0,type,1
dispatch.c,130,send,task_id,755,core,4,slot,0,type,1
dispatch.c,62,completed,task_id,787,core,0,bitmap,31
dispatch.c,62,completed,task_id,788,core,1,bitmap,30
dispatch.c,62,completed,task_id,749,core,2,bitmap,28
dispatch.c,62,completed,task_id,752,core,3,bitmap,24
dispatch.c,62,completed,task_id,755,core,4,bitmap,16
dispatch.c,130,send,task_id,758,core,0,slot,0,type,1
dispatch.c,130,send,task_id,702,core,1,slot,0,type,1
dispatch.c,130,send,task_id,704,core,2,slot,0,type,1
dispatch.c,62,completed,task_id,758,core,0,bitmap,7
dispatch.c,62,completed,task_id,702,core,1,bitmap,6
dispatch.c,62,completed,task_id,704,core,2,bitmap,4
dispatch.c,130,send,task_id,706,core,0,slot,0,type,1
dispatch.c,130,send,task_id,708,core,1,slot,0,type,1
dispatch.c,130,send,task_id,710,core,2,slot,0,type,1
dispatch.c,130,send,task_id,712,core,3,slot,0,type,1
dispatch.c,130,send,task_id,714,core,4,slot,0,type,1
dispatch.c,62,completed,task_id,706,core,0,bitmap,31
dispatch.c,62,completed,task_id,708,core,1,bitmap,30
dispatch.c,62,completed,task_id,710,core,2,bitmap,28
dispatch.c,62,completed,task_id,712,core,3,bitmap,24
dispatch.c,62,completed,task_id,714,core,4,bitmap,16
dispatch.c,130,send,task_id,716,core,0,slot,0,type,1
dispatch.c,130,send,task_id,718,core,1,slot,0,type,1
dispatch.c,130,send,task_id,720,core,2,slot,0,type,1
dispatch.c,130,send,task_id,789,core,3,slot,0,type,1
dispatch.c,62,completed,task_id,716,core,0,bitmap,15
dispatch.c,62,completed,task_id,718,core,1,bitmap,14
dispatch.c,62,completed,task_id,720,core,2,bitmap,12
dispatch.c,62,completed,task_id,789,core,3,bitmap,8
dispatch.c,130,send,task_id,799,core,0,slot,0,type,0
dispatch.c,62,completed,task_id,799,core,0,bitmap,1
dispatch.c,130,send,task_id,800,core,0,slot,0,type,0
dispatch.c,130,send,task_id,802,core,1,slot,0,type,0
dispatch.c,62,completed,task_id,800,core,0,bitmap,3
dispatch.c,62,completed,task_id,802,core,1,bitmap,2
dispatch.c,130,send,task_id,803,core,0,slot,0,type,0
dispatch.c,130,send,task_id,759,core,1,slot,0,type,0
dispatch.c,130,send,task_id,761,core,2,slot,0,type,0
dispatch.c,130,send,task_id,763,core,3,slot,0,type,0
dispatch.c,130,send,task_id,765,core,4,slot,0,type,0
dispatch.c,130,send,task_id,805,core,5,slot,0,type,0
dispatch.c,130,send,task_id,767,core,6,slot,0,type,0
dispatch.c,130,send,task_id,769,core,7,slot,0,type,0
dispatch.c,130,send,task_id,771,core,8,slot,0,type,0
dispatch.c,130,send,task_id,773,core,9,slot,0,type,0
dispatch.c,130,send,task_id,775,core,10,slot,0,type,0
dispatch.c,130,send,task_id,777,core,11,slot,0,type,0
dispatch.c,130,send,task_id,806,core,12,slot,0,type,0
dispatch.c,62,completed,task_id,803,core,0,bitmap,8191
dispatch.c,62,completed,task_id,759,core,1,bitmap,8190
dispatch.c,62,completed,task_id,761,core,2,bitmap,8188
dispatch.c,62,completed,task_id,763,core,3,bitmap,8184
dispatch.c,62,completed,task_id,765,core,4,bitmap,8176
dispatch.c,62,completed,task_id,805,core,5,bitmap,8160
dispatch.c,62,completed,task_id,767,core,6,bitmap,8128
dispatch.c,62,completed,task_id,769,core,7,bitmap,8064
dispatch.c,62,completed,task_id,771,core,8,bitmap,7936
dispatch.c,62,completed,task_id,773,core,9,bitmap,7680
dispatch.c,62,completed,task_id,775,core,10,bitmap,7168
dispatch.c,62,completed,task_id,777,core,11,bitmap,6144
dispatch.c,62,completed,task_id,806,core,12,bitmap,4096
dispatch.c,130,send,task_id,801,core,0,slot,0,type,1
dispatch.c,130,send,task_id,790,core,0,slot,0,type,0
dispatch.c,130,send,task_id,791,core,1,slot,0,type,0
dispatch.c,130,send,task_id,793,core,2,slot,0,type,0
dispatch.c,130,send,task_id,794,core,3,slot,0,type,0
dispatch.c,130,send,task_id,796,core,4,slot,0,type,0
dispatch.c,130,send,task_id,797,core,5,slot,0,type,0
dispatch.c,130,send,task_id,808,core,6,slot,0,type,0
dispatch.c,130,send,task_id,809,core,7,slot,0,type,0
dispatch.c,130,send,task_id,811,core,8,slot,0,type,0
dispatch.c,130,send,task_id,812,core,9,slot,0,type,0
dispatch.c,130,send,task_id,814,core,10,slot,0,type,0
dispatch.c,130,send,task_id,815,core,11,slot,0,type,0
dispatch.c,62,completed,task_id,790,core,0,bitmap,4095
dispatch.c,62,completed,task_id,791,core,1,bitmap,4094
dispatch.c,62,completed,task_id,793,core,2,bitmap,4092
dispatch.c,62,completed,task_id,794,core,3,bitmap,4088
dispatch.c,62,completed,task_id,796,core,4,bitmap,4080
dispatch.c,62,completed,task_id,797,core,5,bitmap,4064
dispatch.c,62,completed,task_id,808,core,6,bitmap,4032
dispatch.c,62,completed,task_id,809,core,7,bitmap,3968
dispatch.c,62,completed,task_id,811,core,8,bitmap,3840
dispatch.c,62,completed,task_id,812,core,9,bitmap,3584
dispatch.c,62,completed,task_id,814,core,10,bitmap,3072
dispatch.c,62,completed,task_id,815,core,11,bitmap,2048
dispatch.c,62,completed,task_id,801,core,0,bitmap,1
dispatch.c,130,send,task_id,804,core,0,slot,0,type,1
dispatch.c,130,send,task_id,760,core,1,slot,0,type,1
dispatch.c,130,send,task_id,762,core,2,slot,0,type,1
dispatch.c,130,send,task_id,764,core,3,slot,0,type,1
dispatch.c,130,send,task_id,766,core,4,slot,0,type,1
dispatch.c,62,completed,task_id,804,core,0,bitmap,31
dispatch.c,62,completed,task_id,760,core,1,bitmap,30
dispatch.c,62,completed,task_id,762,core,2,bitmap,28
dispatch.c,62,completed,task_id,764,core,3,bitmap,24
dispatch.c,62,completed,task_id,766,core,4,bitmap,16
dispatch.c,130,send,task_id,837,core,0,slot,0,type,1
dispatch.c,130,send,task_id,838,core,1,slot,0,type,1
dispatch.c,130,send,task_id,839,core,2,slot,0,type,1
dispatch.c,130,send,task_id,840,core,3,slot,0,type,1
dispatch.c,130,send,task_id,841,core,4,slot,0,type,1
dispatch.c,130,send,task_id,842,core,5,slot,0,type,1
dispatch.c,130,send,task_id,843,core,6,slot,0,type,1
dispatch.c,130,send,task_id,768,core,7,slot,0,type,1
dispatch.c,130,send,task_id,770,core,8,slot,0,type,1
dispatch.c,130,send,task_id,772,core,9,slot,0,type,1
dispatch.c,130,send,task_id,774,core,10,slot,0,type,1
dispatch.c,130,send,task_id,776,core,11,slot,0,type,1
dispatch.c,130,send,task_id,778,core,12,slot,0,type,1
dispatch.c,130,send,task_id,807,core,13,slot,0,type,1
dispatch.c,62,completed,task_id,837,core,0,bitmap,16383
dispatch.c,62,completed,task_id,838,core,1,bitmap,16382
dispatch.c,62,completed,task_id,839,core,2,bitmap,16380
dispatch.c,62,completed,task_id,840,core,3,bitmap,16376
dispatch.c,62,completed,task_id,841,core,4,bitmap,16368
dispatch.c,62,completed,task_id,842,core,5,bitmap,16352
dispatch.c,62,completed,task_id,843,core,6,bitmap,16320
dispatch.c,62,completed,task_id,768,core,7,bitmap,16256
dispatch.c,62,completed,task_id,770,core,8,bitmap,16128
dispatch.c,62,completed,task_id,772,core,9,bitmap,15872
dispatch.c,62,completed,task_id,774,core,10,bitmap,15360
dispatch.c,62,completed,task_id,776,core,11,bitmap,14336
dispatch.c,62,completed,task_id,778,core,12,bitmap,12288
dispatch.c,62,completed,task_id,807,core,13,bitmap,8192
dispatch.c,130,send,task_id,844,core,0,slot,0,type,1
dispatch.c,62,completed,task_id,844,core,0,bitmap,1
dispatch.c,130,send,task_id,845,core,0,slot,0,type,1
dispatch.c,130,send,task_id,846,core,1,slot,0,type,1
dispatch.c,62,completed,task_id,845,core,0,bitmap,3
dispatch.c,62,completed,task_id,846,core,1,bitmap,2
dispatch.c,130,send,task_id,792,core,0,slot,0,type,1
dispatch.c,130,send,task_id,795,core,1,slot,0,type,1
dispatch.c,130,send,task_id,798,core,2,slot,0,type,1
dispatch.c,130,send,task_id,810,core,3,slot,0,type,1
dispatch.c,130,send,task_id,813,core,4,slot,0,type,1
dispatch.c,130,send,task_id,816,core,5,slot,0,type,1
dispatch.c,62,completed,task_id,792,core,0,bitmap,63
dispatch.c,62,completed,task_id,795,core,1,bitmap,62
dispatch.c,62,completed,task_id,798,core,2,bitmap,60
dispatch.c,62,completed,task_id,810,core,3,bitmap,56
dispatch.c,62,completed,task_id,813,core,4,bitmap,48
dispatch.c,62,completed,task_id,816,core,5,bitmap,32
dispatch.c,130,send,task_id,847,core,0,slot,0,type,1
dispatch.c,62,completed,task_id,847,core,0,bitmap,1
dispatch.c,130,send,task_id,817,core,0,slot,0,type,0
dispatch.c,62,completed,task_id,817,core,0,bitmap,1
dispatch.c,130,send,task_id,819,core,0,slot,0,type,0
dispatch.c,130,send,task_id,821,core,1,slot,0,type,0
dispatch.c,130,send,task_id,823,core,2,slot,0,type,0
dispatch.c,130,send,task_id,825,core,3,slot,0,type,0
dispatch.c,130,send,task_id,827,core,4,slot,0,type,0
dispatch.c,130,send,task_id,829,core,5,slot,0,type,0
dispatch.c,130,send,task_id,831,core,6,slot,0,type,0
dispatch.c,130,send,task_id,833,core,7,slot,0,type,0
dispatch.c,130,send,task_id,835,core,8,slot,0,type,0
dispatch.c,62,completed,task_id,819,core,0,bitmap,511
dispatch.c,62,completed,task_id,821,core,1,bitmap,510
dispatch.c,62,completed,task_id,823,core,2,bitmap,508
dispatch.c,62,completed,task_id,825,core,3,bitmap,504
dispatch.c,62,completed,task_id,827,core,4,bitmap,496
dispatch.c,62,completed,task_id,829,core,5,bitmap,480
dispatch.c,62,completed,task_id,831,core,6,bitmap,448
dispatch.c,62,completed,task_id,833,core,7,bitmap,384
dispatch.c,62,completed,task_id,835,core,8,bitmap,256
dispatch.c,130,send,task_id,848,core,0,slot,0,type,0
dispatch.c,130,send,task_id,849,core,1,slot,0,type,0
dispatch.c,62,completed,task_id,848,core,0,bitmap,3
dispatch.c,62,completed,task_id,849,core,1,bitmap,2
dispatch.c,130,send,task_id,851,core,0,slot,0,type,0
dispatch.c,130,send,task_id,852,core,1,slot,0,type,0
dispatch.c,130,send,task_id,854,core,2,slot,0,type,0
dispatch.c,130,send,task_id,855,core,3,slot,0,type,0
dispatch.c,130,send,task_id,857,core,4,slot,0,type,0
dispatch.c,130,send,task_id,858,core,5,slot,0,type,0
dispatch.c,62,completed,task_id,851,core,0,bitmap,63
dispatch.c,62,completed,task_id,852,core,1,bitmap,62
dispatch.c,62,completed,task_id,854,core,2,bitmap,60
dispatch.c,62,completed,task_id,855,core,3,bitmap,56
dispatch.c,62,completed,task_id,857,core,4,bitmap,48
dispatch.c,62,completed,task_id,858,core,5,bitmap,32
dispatch.c,130,send,task_id,860,core,0,slot,0,type,0
dispatch.c,62,completed,task_id,860,core,0,bitmap,1
dispatch.c,130,send,task_id,861,core,0,slot,0,type,0
dispatch.c,62,completed,task_id,861,core,0,bitmap,1
dispatch.c,130,send,task_id,863,core,0,slot,0,type,0
dispatch.c,62,completed,task_id,863,core,0,bitmap,1
dispatch.c,130,send,task_id,864,core,0,slot,0,type,0
dispatch.c,130,send,task_id,866,core,1,slot,0,type,0
dispatch.c,62,completed,task_id,864,core,0,bitmap,3
dispatch.c,62,completed,task_id,866,core,1,bitmap,2
dispatch.c,130,send,task_id,867,core,0,slot,0,type,0
dispatch.c,62,completed,task_id,867,core,0,bitmap,1
dispatch.c,130,send,task_id,818,core,0,slot,0,type,1
dispatch.c,130,send,task_id,820,core,1,slot,0,type,1
dispatch.c,130,send,task_id,822,core,2,slot,0,type,1
dispatch.c,130,send,task_id,824,core,3,slot,0,type,1
dispatch.c,130,send,task_id,826,core,4,slot,0,type,1
dispatch.c,130,send,task_id,828,core,5,slot,0,type,1
dispatch.c,130,send,task_id,830,core,6,slot,0,type,1
dispatch.c,130,send,task_id,832,core,7,slot,0,type,1
dispatch.c,130,send,task_id,834,core,8,slot,0,type,1
dispatch.c,130,send,task_id,836,core,9,slot,0,type,1
dispatch.c,130,send,task_id,850,core,10,slot,0,type,1
dispatch.c,130,send,task_id,853,core,11,slot,0,type,1
dispatch.c,130,send,task_id,856,core,12,slot,0,type,1
dispatch.c,130,send,task_id,859,core,13,slot,0,type,1
dispatch.c,130,send,task_id,862,core,14,slot,0,type,1
dispatch.c,130,send,task_id,865,core,15,slot,0,type,1
dispatch.c,130,send,task_id,869,core,0,slot,0,type,0
dispatch.c,130,send,task_id,870,core,1,slot,0,type,0
dispatch.c,130,send,task_id,872,core,2,slot,0,type,0
dispatch.c,130,send,task_id,873,core,3,slot,0,type,0
dispatch.c,62,completed,task_id,869,core,0,bitmap,15
dispatch.c,62,completed,task_id,870,core,1,bitmap,14
dispatch.c,62,completed,task_id,872,core,2,bitmap,12
dispatch.c,62,completed,task_id,873,core,3,bitmap,8
dispatch.c,62,completed,task_id,818,core,0,bitmap,65535
dispatch.c,62,completed,task_id,820,core,1,bitmap,65534
dispatch.c,62,completed,task_id,822,core,2,bitmap,65532
dispatch.c,62,completed,task_id,824,core,3,bitmap,65528
dispatch.c,62,completed,task_id,826,core,4,bitmap,65520
dispatch.c,62,completed,task_id,828,core,5,bitmap,65504
dispatch.c,62,completed,task_id,830,core,6,bitmap,65472
dispatch.c,62,completed,task_id,832,core,7,bitmap,65408
dispatch.c,62,completed,task_id,834,core,8,bitmap,65280
dispatch.c,62,completed,task_id,836,core,9,bitmap,65024
dispatch.c,62,completed,task_id,850,core,10,bitmap,64512
dispatch.c,62,completed,task_id,853,core,11,bitmap,63488
dispatch.c,62,completed,task_id,856,core,12,bitmap,61440
dispatch.c,62,completed,task_id,859,core,13,bitmap,57344
dispatch.c,62,completed,task_id,862,core,14,bitmap,49152
dispatch.c,62,completed,task_id,865,core,15,bitmap,32768
dispatch.c,130,send,task_id,868,core,0,slot,0,type,1
dispatch.c,130,send,task_id,871,core,1,slot,0,type,1
dispatch.c,130,send,task_id,874,core,2,slot,0,type,1
dispatch.c,62,completed,task_id,868,core,0,bitmap,7
dispatch.c,62,completed,task_id,871,core,1,bitmap,6
dispatch.c,62,completed,task_id,874,core,2,bitmap,4
dispatch.c,130,send,task_id,875,core,0,slot,0,type,0
dispatch.c,62,completed,task_id,875,core,0,bitmap,1
dispatch.c,130,send,task_id,877,core,0,slot,0,type,0
dispatch.c,130,send,task_id,879,core,1,slot,0,type,0
dispatch.c,130,send,task_id,881,core,2,slot,0,type,0
dispatch.c,130,send,task_id,883,core,3,slot,0,type,0
dispatch.c,130,send,task_id,885,core,4,slot,0,type,0
dispatch.c,130,send,task_id,887,core,5,slot,0,type,0
dispatch.c,130,send,task_id,889,core,6,slot,0,type,0
dispatch.c,130,send,task_id,891,core,7,slot,0,type,0
dispatch.c,130,send,task_id,893,core,8,slot,0,type,0
dispatch.c,62,completed,task_id,877,core,0,bitmap,511
dispatch.c,62,completed,task_id,879,core,1,bitmap,510
dispatch.c,62,completed,task_id,881,core,2,bitmap,508
dispatch.c,62,completed,task_id,883,core,3,bitmap,504
dispatch.c,62,completed,task_id,885,core,4,bitmap,496
dispatch.c,62,completed,task_id,887,core,5,bitmap,480
dispatch.c,62,completed,task_id,889,core,6,bitmap,448
dispatch.c,62,completed,task_id,891,core,7,bitmap,384
dispatch.c,62,completed,task_id,893,core,8,bitmap,256
dispatch.c,130,send,task_id,876,core,0,slot,0,type,1
dispatch.c,62,completed,task_id,876,core,0,bitmap,1
dispatch.c,130,send,task_id,878,core,0,slot,0,type,1
dispatch.c,130,send,task_id,880,core,1,slot,0,type,1
dispatch.c,130,send,task_id,882,core,2,slot,0,type,1
dispatch.c,130,send,task_id,884,core,3,slot,0,type,1
dispatch.c,130,send,task_id,886,core,4,slot,0,type,1
dispatch.c,130,send,task_id,888,core,5,slot,0,type,1
dispatch.c,130,send,task_id,890,core,6,slot,0,type,1
dispatch.c,130,send,task_id,892,core,7,slot,0,type,1
dispatch.c,130,send,task_id,894,core,8,slot,0,type,1
dispatch.c,62,completed,task_id,878,core,0,bitmap,511
dispatch.c,62,completed,task_id,880,core,1,bitmap,510
dispatch.c,62,completed,task_id,882,core,2,bitmap,508
dispatch.c,62,completed,task_id,884,core,3,bitmap,504
dispatch.c,62,completed,task_id,886,core,4,bitmap,496
dispatch.c,62,completed,task_id,888,core,5,bitmap,480
dispatch.c,62,completed,task_id,890,core,6,bitmap,448
dispatch.c,62,completed,task_id,892,core,7,bitmap,384
dispatch.c,62,completed,task_id,894,core,8,bitmap,256
